{"version":"0.4","title":"iphone2","type":"popup","content":[{"id":"5bbf2e8b","settings":{"layout":"full_width","gap":"no","structure":"20","_timestamp_":"v1SDFjekxBS1VybHBXTnhqUERIc1M5UT09"},"elements":[{"id":"4da77f6","settings":{"_column_size":50,"_inline_size":null,"padding_mobile":{"unit":"px","top":"25","right":"25","bottom":"25","left":"25","isLinked":true}},"elements":[{"id":"6248a7b1","settings":{"gap":"no","margin":{"unit":"px","top":"","right":0,"bottom":"","left":0,"isLinked":true},"padding":{"unit":"px","top":"70","right":"70","bottom":"70","left":"70","isLinked":true},"padding_mobile":{"unit":"px","top":"0","right":"0","bottom":"0","left":"0","isLinked":false},"padding_tablet":{"unit":"px","top":"20","right":"20","bottom":"20","left":"20","isLinked":true}},"elements":[{"id":"5623755f","settings":{"_column_size":100,"_inline_size":null},"elements":[{"id":"6ff94adc","settings":{"title":"Mac","typography_typography":"custom","typography_font_size":{"unit":"px","size":60},"typography_font_size_mobile":{"unit":"px","size":35},"typography_font_weight":"100","typography_font_family":"Montserrat","typography_letter_spacing":{"unit":"px","size":-5},"title_color":"#000000","_animation":"fadeInDown","animation_duration":"slow","_animation_delay":500},"elements":[],"isInner":false,"widgetType":"heading","elType":"widget"},{"id":"516ea856","settings":{"title":"iPhone","typography_typography":"custom","typography_font_size":{"unit":"px","size":60},"typography_font_size_mobile":{"unit":"px","size":35},"typography_font_weight":"100","typography_font_family":"Montserrat","typography_letter_spacing":{"unit":"px","size":-5},"title_color":"#000000","_animation":"fadeInDown","animation_duration":"slow","_animation_delay":700},"elements":[],"isInner":false,"widgetType":"heading","elType":"widget"},{"id":"68a62ed6","settings":{"title":"Music","typography_typography":"custom","typography_font_size":{"unit":"px","size":60},"typography_font_size_mobile":{"unit":"px","size":35},"typography_font_weight":"100","typography_font_family":"Montserrat","typography_letter_spacing":{"unit":"px","size":-5},"title_color":"#000000","_animation":"fadeInDown","animation_duration":"slow","_animation_delay":900},"elements":[],"isInner":false,"widgetType":"heading","elType":"widget"},{"id":"6151d809","settings":{"title":"iPad","typography_typography":"custom","typography_font_size":{"unit":"px","size":60},"typography_font_size_mobile":{"unit":"px","size":35},"typography_font_weight":"100","typography_font_family":"Montserrat","typography_letter_spacing":{"unit":"px","size":-5},"title_color":"#000000","_animation":"fadeInDown","animation_duration":"slow","_animation_delay":1100},"elements":[],"isInner":false,"widgetType":"heading","elType":"widget"},{"id":"39a0210c","settings":{"title":"Watch","typography_typography":"custom","typography_font_size":{"unit":"px","size":60},"typography_font_size_mobile":{"unit":"px","size":35},"typography_font_weight":"100","typography_font_family":"Montserrat","typography_letter_spacing":{"unit":"px","size":-5},"title_color":"#000000","_animation":"fadeInDown","animation_duration":"slow","_animation_delay":1300},"elements":[],"isInner":false,"widgetType":"heading","elType":"widget"},{"id":"7761fb3f","settings":{"text":"Our story","typography_typography":"custom","typography_font_size":{"unit":"px","size":25},"typography_font_size_mobile":{"unit":"px","size":20},"typography_font_weight":"100","typography_letter_spacing":{"unit":"px","size":1.6},"button_text_color":"#000000","background_color":"rgba(0,0,0,0)","border_border":"solid","border_width":{"unit":"px","top":"0","right":"0","bottom":"1","left":"0","isLinked":false},"border_color":"#000000","border_radius":{"unit":"px","top":"0","right":"0","bottom":"0","left":"0","isLinked":true},"text_padding":{"unit":"px","top":"0","right":"0","bottom":"10","left":"0","isLinked":false},"text_padding_mobile":{"unit":"px","top":"0","right":"0","bottom":"8","left":"0","isLinked":false},"_margin":{"unit":"px","top":"70","right":"0","bottom":"0","left":"0","isLinked":false},"_margin_mobile":{"unit":"px","top":"40","right":"0","bottom":"0","left":"0","isLinked":false},"typography_font_family":"Montserrat"},"elements":[],"isInner":false,"widgetType":"button","elType":"widget"}],"isInner":true,"elType":"column"}],"isInner":true,"elType":"section"},{"id":"3f0c2e36","settings":{"layout":"full_width","gap":"no","padding":{"unit":"px","top":"30","right":"70","bottom":"50","left":"70","isLinked":false},"padding_mobile":{"unit":"px","top":"30","right":"0","bottom":"0","left":"0","isLinked":false},"padding_tablet":{"unit":"px","top":"20","right":"20","bottom":"20","left":"20","isLinked":true}},"elements":[{"id":"137b9ee4","settings":{"_column_size":100,"_inline_size":null},"elements":[{"id":"3e16a495","settings":{"share_buttons":[{"button":"facebook","_id":"3de49a7","text":""},{"button":"google","_id":"a90f4ea","text":""},{"button":"twitter","_id":"7cb66bd","text":""},{"button":"linkedin","_id":"4ae22d3","text":""},{"button":"whatsapp","text":"","_id":"3046fa0"}],"view":"icon","skin":"minimal","alignment":"left","button_size":{"unit":"px","size":1},"color_source":"custom","primary_color":"rgba(0,0,0,0)","secondary_color":"#000000","_margin":{"unit":"px","top":"0","right":"0","bottom":"0","left":"-10","isLinked":false}},"elements":[],"isInner":false,"widgetType":"share-buttons","elType":"widget"}],"isInner":true,"elType":"column"}],"isInner":true,"elType":"section"}],"isInner":false,"elType":"column"},{"id":"7a8f478","settings":{"_column_size":50,"_inline_size":null,"background_background":"gradient","background_color":"#000000","background_color_b":"#303030"},"elements":[{"id":"7499782d","settings":{"margin":{"unit":"px","top":"0","right":0,"bottom":"130","left":0,"isLinked":false},"margin_mobile":{"unit":"px","top":"0","right":0,"bottom":"0","left":0,"isLinked":false},"padding":{"unit":"px","top":"70","right":"60","bottom":"70","left":"60","isLinked":false},"padding_mobile":{"unit":"px","top":"25","right":"25","bottom":"25","left":"25","isLinked":true},"padding_tablet":{"unit":"px","top":"20","right":"20","bottom":"20","left":"20","isLinked":true}},"elements":[{"id":"540e112a","settings":{"_column_size":100,"_inline_size":null},"elements":[{"id":"2dc28842","settings":{"title":"Sign up for our Newsletter","title_color":"#ffffff","typography_typography":"custom","typography_font_size":{"unit":"px","size":20},"typography_font_weight":"500","typography_font_family":"Montserrat"},"elements":[],"isInner":false,"widgetType":"heading","elType":"widget"},{"id":"d31b4c5","settings":{"form_name":"New Form","form_fields":[{"_id":"email","field_type":"email","required":"true","field_label":"Email","placeholder":"Email","width":"80","min_date":"","max_date":"","field_options":"","allow_multiple":"","select_size":"","inline_list":"","field_html":"","width_tablet":"","width_mobile":"80","rows":4,"recaptcha_size":"normal","recaptcha_style":"light","css_classes":"","field_value":"","file_sizes":"","file_types":"","allow_multiple_upload":"","max_files":"","acceptance_text":"","checked_by_default":"","field_min":"","field_max":"","use_native_date":"","use_native_time":"","recaptcha_badge":"bottomright","custom_id":""}],"input_size":"md","show_labels":"","button_text":"","button_size":"md","button_width":"20","button_icon":"fa fa-long-arrow-right","email_content":"[all-fields]","email_content_2":"[all-fields]","success_message":"The form was sent successfully.","error_message":"An error occured.","required_field_message":"This field is required.","invalid_message":"There's something wrong. The form is invalid.","column_gap":{"unit":"px","size":0},"row_gap":{"unit":"px","size":0},"field_text_color":"#ffffff","field_typography_typography":"custom","field_typography_font_size":{"unit":"px","size":18},"field_background_color":"rgba(255,255,255,0)","field_border_color":"#ffffff","field_border_width":{"unit":"px","top":"0","right":"0","bottom":"1","left":"0","isLinked":false},"field_border_radius":{"unit":"px","top":"0","right":"0","bottom":"0","left":"0","isLinked":true},"button_background_color":"rgba(0,0,0,0)","button_text_color":"#ffffff","button_border_border":"solid","button_border_width":{"unit":"px","top":"0","right":"0","bottom":"1","left":"0","isLinked":false},"button_border_color":"#ffffff","button_border_radius":{"unit":"px","top":"0","right":"0","bottom":"0","left":"0","isLinked":true},"button_text_padding":{"unit":"px","top":"0","right":"0","bottom":"0","left":"0","isLinked":false},"button_width_mobile":"20","field_typography_font_family":"Montserrat"},"elements":[],"isInner":false,"widgetType":"form","elType":"widget"}],"isInner":true,"elType":"column"}],"isInner":true,"elType":"section"},{"id":"5a8fb08","settings":{"gap":"no","padding":{"unit":"px","top":"0","right":"30","bottom":"0","left":"0","isLinked":false},"hide_mobile":"hidden-phone","structure":"30","margin_mobile":{"unit":"px","top":"0","right":0,"bottom":"0","left":0,"isLinked":true},"padding_mobile":{"unit":"px","top":"30","right":"30","bottom":"30","left":"30","isLinked":true}},"elements":[{"id":"75188eb5","settings":{"_column_size":33,"_inline_size":null,"background_background":"classic","background_color":"#ffffff","border_radius":{"unit":"px","top":"5","right":"5","bottom":"5","left":"5","isLinked":true},"box_shadow_box_shadow_type":"yes","box_shadow_box_shadow":{"horizontal":0,"vertical":10,"blur":30,"spread":-10,"color":"rgba(0,0,0,0.21)"},"box_shadow_hover_box_shadow_type":"yes","box_shadow_hover_box_shadow":{"horizontal":0,"vertical":15,"blur":40,"spread":-10,"color":"rgba(0,0,0,0.21)"},"margin":{"unit":"px","top":"0","right":"0","bottom":"0","left":"-60","isLinked":false},"margin_mobile":{"unit":"px","top":"0","right":"0","bottom":"0","left":"0","isLinked":false}},"elements":[{"id":"1433c181","settings":{"image_size":"full","align":"left","image_border_radius":{"unit":"px","top":"5","right":"5","bottom":"0","left":"0","isLinked":false},"image":{"id":"246","url":"https:\/\/library.elementor.com\/wp-content\/uploads\/2019\/01\/iphone-1.png"}},"elements":[],"isInner":false,"widgetType":"image","elType":"widget"},{"id":"b6019a4","settings":{"title":"iPhone","title_color":"#000000","typography_typography":"custom","typography_font_size":{"unit":"px","size":20},"typography_font_weight":"700","_margin":{"unit":"px","top":"0","right":"0","bottom":"0","left":"20","isLinked":false},"typography_font_family":"Montserrat","_margin_tablet":{"unit":"px","top":"10","right":"10","bottom":"10","left":"10","isLinked":true}},"elements":[],"isInner":false,"widgetType":"heading","elType":"widget"},{"id":"7143467d","settings":{"title":"Lorem ipsum dolor sit amet","title_color":"#000000","typography_typography":"custom","typography_font_size":{"unit":"px","size":15},"typography_font_weight":"300","_margin":{"unit":"px","top":"20","right":"20","bottom":"20","left":"20","isLinked":true},"typography_font_family":"Montserrat","typography_letter_spacing":{"unit":"px","size":-0.8},"_margin_tablet":{"unit":"px","top":"10","right":"10","bottom":"10","left":"10","isLinked":true}},"elements":[],"isInner":false,"widgetType":"heading","elType":"widget"}],"isInner":true,"elType":"column"},{"id":"3e0961e8","settings":{"_column_size":33,"_inline_size":null,"background_background":"classic","background_color":"#ffffff","border_radius":{"unit":"px","top":"5","right":"5","bottom":"5","left":"5","isLinked":true},"box_shadow_box_shadow_type":"yes","box_shadow_box_shadow":{"horizontal":0,"vertical":10,"blur":30,"spread":-10,"color":"rgba(0,0,0,0.21)"},"box_shadow_hover_box_shadow_type":"yes","box_shadow_hover_box_shadow":{"horizontal":0,"vertical":15,"blur":40,"spread":-10,"color":"rgba(0,0,0,0.21)"},"margin":{"unit":"px","top":"0","right":"0","bottom":"0","left":"-40","isLinked":false},"margin_mobile":{"unit":"px","top":"0","right":"0","bottom":"0","left":"0","isLinked":false}},"elements":[{"id":"6f687eb2","settings":{"image_size":"full","align":"left","image_border_radius":{"unit":"px","top":"5","right":"5","bottom":"0","left":"0","isLinked":false},"image":{"id":"247","url":"https:\/\/library.elementor.com\/wp-content\/uploads\/2019\/01\/macbook-1.png"}},"elements":[],"isInner":false,"widgetType":"image","elType":"widget"},{"id":"2f411e46","settings":{"title":"MacBook","title_color":"#000000","typography_typography":"custom","typography_font_size":{"unit":"px","size":20},"typography_font_weight":"700","_margin":{"unit":"px","top":"0","right":"0","bottom":"0","left":"20","isLinked":false},"typography_font_family":"Montserrat","_margin_tablet":{"unit":"px","top":"10","right":"10","bottom":"10","left":"10","isLinked":true}},"elements":[],"isInner":false,"widgetType":"heading","elType":"widget"},{"id":"1c4ff4d0","settings":{"title":"Sed do eiusmod tempor incididunt","title_color":"#000000","typography_typography":"custom","typography_font_size":{"unit":"px","size":15},"typography_font_weight":"300","_margin":{"unit":"px","top":"20","right":"20","bottom":"20","left":"20","isLinked":true},"typography_font_family":"Montserrat","typography_letter_spacing":{"unit":"px","size":-0.8},"_margin_tablet":{"unit":"px","top":"10","right":"10","bottom":"10","left":"10","isLinked":true}},"elements":[],"isInner":false,"widgetType":"heading","elType":"widget"}],"isInner":true,"elType":"column"},{"id":"6db49496","settings":{"_column_size":33,"_inline_size":null,"background_background":"classic","background_color":"#ffffff","border_radius":{"unit":"px","top":"5","right":"5","bottom":"5","left":"5","isLinked":true},"box_shadow_box_shadow_type":"yes","box_shadow_box_shadow":{"horizontal":0,"vertical":10,"blur":30,"spread":-10,"color":"rgba(0,0,0,0.21)"},"box_shadow_hover_box_shadow_type":"yes","box_shadow_hover_box_shadow":{"horizontal":0,"vertical":15,"blur":40,"spread":-10,"color":"rgba(0,0,0,0.21)"},"margin":{"unit":"px","top":"0","right":"0","bottom":"0","left":"-20","isLinked":false},"margin_mobile":{"unit":"px","top":"0","right":"0","bottom":"0","left":"0","isLinked":false}},"elements":[{"id":"23c2e43e","settings":{"image_size":"full","align":"left","image_border_radius":{"unit":"px","top":"5","right":"5","bottom":"0","left":"0","isLinked":false},"image":{"id":"248","url":"https:\/\/library.elementor.com\/wp-content\/uploads\/2019\/01\/ipad-1.png"}},"elements":[],"isInner":false,"widgetType":"image","elType":"widget"},{"id":"53d7cd68","settings":{"title":"iPad","title_color":"#000000","typography_typography":"custom","typography_font_size":{"unit":"px","size":20},"typography_font_weight":"700","_margin":{"unit":"px","top":"0","right":"0","bottom":"0","left":"20","isLinked":false},"typography_font_family":"Montserrat","_margin_tablet":{"unit":"px","top":"10","right":"10","bottom":"10","left":"10","isLinked":true}},"elements":[],"isInner":false,"widgetType":"heading","elType":"widget"},{"id":"14c0fd0c","settings":{"title":"Tempor incididunt ut labore et dolore","title_color":"#000000","typography_typography":"custom","typography_font_size":{"unit":"px","size":15},"typography_font_weight":"300","_margin":{"unit":"px","top":"20","right":"20","bottom":"20","left":"20","isLinked":true},"typography_font_family":"Montserrat","typography_letter_spacing":{"unit":"px","size":-0.8},"_margin_tablet":{"unit":"px","top":"10","right":"10","bottom":"10","left":"10","isLinked":true}},"elements":[],"isInner":false,"widgetType":"heading","elType":"widget"}],"isInner":true,"elType":"column"}],"isInner":true,"elType":"section"}],"isInner":false,"elType":"column"}],"isInner":false,"elType":"section"}],"page_settings":{"width":{"unit":"vw","size":"85"},"width_tablet":{"unit":"vw","size":"95"},"width_mobile":{"unit":"vw","size":"100"},"overlay":"","entrance_animation":"fadeIn","entrance_animation_duration":{"unit":"px","size":"2"},"box_shadow_box_shadow":{"horizontal":"0","vertical":"0","blur":"80","spread":"-5","color":"rgba(0,0,0,0.14)"},"close_button_vertical":{"unit":"%","size":"4"},"close_button_color":"#878787","icon_size":{"unit":"px","size":"35"},"prevent_close_on_background_click":"yes"}}