{"version":"0.4","title":"love-15-off","type":"popup","content":[{"id":"3c83a8bd","settings":{"_timestamp_":"v1SDFjekxBS1VybHBXTnhqUERIc1M5UT09"},"elements":[{"id":"2add1233","settings":{"_column_size":100,"border_border":"solid","border_width":{"unit":"px","top":"1","right":"1","bottom":"1","left":"1","isLinked":true},"border_color":"#ffffff"},"elements":[{"id":"65440525","settings":{"image":{"id":209,"url":"https:\/\/library.elementor.com\/wp-content\/uploads\/2019\/02\/love_gif2-1.gif"},"image_size":"full"},"elements":[],"isInner":false,"widgetType":"image","elType":"widget"},{"id":"1963c9d2","settings":{"title":"15% off","align":"center","title_color":"#ffffff","typography_typography":"custom","typography_font_family":"Hanuman","typography_font_size":{"unit":"px","size":60},"typography_font_weight":"900","typography_text_transform":"uppercase"},"elements":[],"isInner":false,"widgetType":"heading","elType":"widget"},{"id":"6c486ed3","settings":{"title":"share the love","align":"center","title_color":"#ffffff","typography_typography":"custom","typography_font_family":"Hanuman","typography_font_size":{"unit":"px","size":30},"typography_font_weight":"200","typography_text_transform":"capitalize"},"elements":[],"isInner":false,"widgetType":"heading","elType":"widget"},{"id":"7c647004","settings":{"title":"coupon code: ILOVEYOU","align":"center","title_color":"#ffffff","typography_typography":"custom","typography_font_family":"Hanuman","typography_font_size":{"unit":"px","size":15},"typography_font_weight":"200","typography_text_transform":"capitalize","_padding":{"unit":"px","top":"0","right":"0","bottom":"20","left":"0","isLinked":false}},"elements":[],"isInner":false,"widgetType":"heading","elType":"widget"}],"isInner":false,"elType":"column"}],"isInner":false,"elType":"section"}],"page_settings":{"width":{"unit":"px","size":"500"},"width_mobile":{"unit":"vw","size":"95"},"entrance_animation":"zoomIn","entrance_animation_duration":{"unit":"px","size":"0.1"},"background_background":"classic","background_color":"#000000","overlay_background_color":"rgba(0,0,0,0.52)","padding":{"unit":"px","top":"20","right":"20","bottom":"20","left":"20","isLinked":"1"}}}