{"version":"0.4","title":"heart-30-off","type":"popup","content":[{"id":"3ceb9604","settings":{"content_position":"middle","background_background":"classic","background_color":"rgba(255,255,255,0)","background_image":{"id":"216","url":"https:\/\/library.elementor.com\/wp-content\/uploads\/2019\/02\/heart_background_n.png"},"background_position":"bottom center","background_repeat":"no-repeat","background_size":"contain","background_overlay_background":"classic","background_overlay_color":"rgba(0,0,0,0)","padding":{"unit":"px","top":"150","right":"150","bottom":"150","left":"150","isLinked":true},"z_index":2,"background_size_mobile":"initial","background_bg_width_mobile":{"unit":"px","size":418},"padding_mobile":{"unit":"px","top":"88","right":"56","bottom":"83","left":"56","isLinked":false},"_timestamp_":"v1SDFjekxBS1VybHBXTnhqUERIc1M5UT09"},"elements":[{"id":"48861a89","settings":{"_column_size":100,"_inline_size":null,"padding":{"unit":"px","top":"0","right":"0","bottom":"0","left":"0","isLinked":false},"margin_mobile":{"unit":"px","top":"9","right":"0","bottom":"0","left":"0","isLinked":false},"padding_mobile":{"unit":"px","top":"0","right":"0","bottom":"0","left":"0","isLinked":false}},"elements":[{"id":"7382896d","settings":{"title":"Only because we love you...","align":"center","title_color":"#ffffff","typography_typography":"custom","typography_font_family":"Montserrat","typography_font_size":{"unit":"px","size":18},"typography_font_weight":"100","_padding":{"unit":"px","top":"40","right":"0","bottom":"0","left":"0","isLinked":false},"_margin_mobile":{"unit":"px","top":"37","right":"0","bottom":"0","left":"0","isLinked":false}},"elements":[],"isInner":false,"widgetType":"heading","elType":"widget"},{"id":"5434034","settings":{"title":"30% off","align":"center","title_color":"#ffffff","typography_typography":"custom","typography_font_family":"Montserrat","typography_font_size":{"unit":"px","size":40}},"elements":[],"isInner":false,"widgetType":"heading","elType":"widget"},{"id":"23228488","settings":{"title":"promo code: LOVEME","align":"center","title_color":"#ffffff","typography_typography":"custom","typography_font_family":"Montserrat","typography_font_size":{"unit":"px","size":18},"typography_font_weight":"100"},"elements":[],"isInner":false,"widgetType":"heading","elType":"widget"},{"id":"2f6b9507","settings":{"text":"Shop Now!","align":"center","typography_typography":"custom","typography_font_family":"Montserrat","typography_font_weight":"bold","button_text_color":"#d80056","background_color":"#ffffff","hover_color":"#ffffff","button_background_hover_color":"#f4cd78","border_radius":{"unit":"px","top":"50","right":"50","bottom":"50","left":"50","isLinked":true},"button_box_shadow_box_shadow_type":"yes","button_box_shadow_box_shadow":{"horizontal":1,"vertical":1,"blur":0,"spread":0,"color":"rgba(216,0,86,0.5)"}},"elements":[],"isInner":false,"widgetType":"button","elType":"widget"},{"id":"7729f009","settings":{"title":"Valid until Feb. 14th","align":"center","title_color":"#ffffff","typography_typography":"custom","typography_font_family":"Montserrat","typography_font_size":{"unit":"px","size":15},"typography_font_weight":"100","typography_font_size_mobile":{"unit":"px","size":10}},"elements":[],"isInner":false,"widgetType":"heading","elType":"widget"}],"isInner":false,"elType":"column"}],"isInner":false,"elType":"section"},{"id":"760d48f1","settings":{"background_background":"classic","background_color":"rgba(0,0,0,0)","margin":{"unit":"px","top":"-520","right":0,"bottom":"0","left":0,"isLinked":false},"z_index":1,"margin_mobile":{"unit":"px","top":"-388","right":0,"bottom":"0","left":0,"isLinked":false},"_timestamp_":"v1SDFjekxBS1VybHBXTnhqUERIc1M5UT09"},"elements":[{"id":"7df6621b","settings":{"_column_size":100},"elements":[{"id":"7cafb709","settings":{"image":{"id":"217","url":"https:\/\/library.elementor.com\/wp-content\/uploads\/2019\/02\/heart2a.gif"},"image_size":"full","_margin_mobile":{"unit":"px","top":"0","right":"0","bottom":"0","left":"0","isLinked":false}},"elements":[],"isInner":false,"widgetType":"image","elType":"widget"}],"isInner":false,"elType":"column"}],"isInner":false,"elType":"section"}],"page_settings":{"width":{"unit":"vw","size":""},"height":{"unit":"vh","size":"53"},"overlay":"","entrance_animation":"fadeIn","entrance_animation_duration":{"unit":"px","size":"2"},"background_background":"classic","background_color":"rgba(0,0,0,0)","box_shadow_box_shadow_type":"","overlay_background_color":"rgba(255,255,255,0.8)"}}