{"version":"0.4","title":"bear-valentine","type":"popup","content":[{"id":"4f0d16e5","settings":{"layout":"full_width","content_width":{"unit":"px","size":1059},"height":"min-height","custom_height":{"unit":"px","size":500},"background_background":"classic","background_color":"#e50039","border_radius":{"unit":"%","top":"100","right":"100","bottom":"100","left":"100","isLinked":true},"z_index":0,"custom_height_mobile":{"unit":"px","size":300},"border_radius_mobile":{"unit":"px","top":"300","right":"300","bottom":"300","left":"300","isLinked":true},"margin_mobile":{"unit":"px","top":"160","right":0,"bottom":"0","left":0,"isLinked":false},"padding_mobile":{"unit":"px","top":"22","right":"22","bottom":"22","left":"22","isLinked":false},"_timestamp_":"v1SDFjekxBS1VybHBXTnhqUERIc1M5UT09"},"elements":[{"id":"b260c86","settings":{"_column_size":100,"_inline_size":null,"margin":{"unit":"px","top":"-153","right":"-153","bottom":"-153","left":"-153","isLinked":true},"margin_mobile":{"unit":"px","top":"-53","right":"0","bottom":"0","left":"-77","isLinked":false}},"elements":[{"id":"771f731","settings":{"image":{"id":"221","url":"https:\/\/library.elementor.com\/wp-content\/uploads\/2019\/02\/bear1.png"},"image_size":"full","width":{"unit":"%","size":100},"_margin":{"unit":"px","top":"-15","right":"178","bottom":"0","left":"0","isLinked":false},"width_mobile":{"unit":"%","size":61},"space_mobile":{"unit":"%","size":100},"_padding_mobile":{"unit":"px","top":"0","right":"0","bottom":"0","left":"41","isLinked":false},"align":"left","width_tablet":{"unit":"%","size":65},"_margin_tablet":{"unit":"px","top":"0","right":"0","bottom":"0","left":"0","isLinked":false}},"elements":[],"isInner":false,"widgetType":"image","elType":"widget"}],"isInner":false,"elType":"column"}],"isInner":false,"elType":"section"},{"id":"1e47cf1f","settings":{"background_background":"classic","margin":{"unit":"px","top":"-427","right":0,"bottom":"0","left":0,"isLinked":false},"padding":{"unit":"px","top":"0","right":"0","bottom":"0","left":"140","isLinked":false},"z_index":2,"_title":"price+headline","margin_mobile":{"unit":"px","top":"-282","right":0,"bottom":"0","left":0,"isLinked":false},"padding_tablet":{"unit":"px","top":"9","right":"0","bottom":"0","left":"135","isLinked":false},"padding_mobile":{"unit":"px","top":"0","right":"0","bottom":"0","left":"115","isLinked":false},"_timestamp_":"v1SDFjekxBS1VybHBXTnhqUERIc1M5UT09"},"elements":[{"id":"c64f169","settings":{"_column_size":100},"elements":[{"id":"28c1323b","settings":{"title":"It's still not<br>too late!","align":"left","title_color":"#ffffff","typography_typography":"custom","typography_font_family":"Oleo Script Swash Caps","typography_font_size":{"unit":"px","size":50},"typography_font_weight":"900","typography_text_transform":"capitalize","typography_font_style":"italic","text_shadow_text_shadow_type":"yes","text_shadow_text_shadow":{"horizontal":-3,"vertical":1,"blur":0,"color":"#000000"},"_margin":{"unit":"px","top":"-11","right":"0","bottom":"0","left":"0","isLinked":false},"typography_font_size_mobile":{"unit":"px","size":30},"typography_font_size_tablet":{"unit":"px","size":45}},"elements":[],"isInner":false,"widgetType":"heading","elType":"widget"}],"isInner":false,"elType":"column"}],"isInner":false,"elType":"section"},{"id":"4210503c","settings":{"margin":{"unit":"px","top":"0","right":0,"bottom":"0","left":0,"isLinked":false},"margin_mobile":{"unit":"px","top":"-15","right":0,"bottom":"-15","left":0,"isLinked":true},"padding":{"unit":"px","top":"0","right":"50","bottom":"0","left":"50","isLinked":false},"padding_mobile":{"unit":"px","top":"0","right":"25","bottom":"0","left":"38","isLinked":false},"_title":"text+button","_timestamp_":"v1SDFjekxBS1VybHBXTnhqUERIc1M5UT09"},"elements":[{"id":"2df0019d","settings":{"_column_size":100,"_inline_size":null},"elements":[{"id":"567a5c06","settings":{"editor":"<p>Lorem ipsum dolor sit amet, consectetuer adipiscing elit, sed diam nonummy nibh euismod tincidunt ut laoreet.<\/p>","text_color":"#ffffff","typography_typography":"custom","typography_font_family":"Overlock","typography_font_size":{"unit":"px","size":18},"typography_font_size_mobile":{"unit":"px","size":15},"typography_font_weight":"normal","align":"left","_padding":{"unit":"px","top":"0","right":"35","bottom":"0","left":"95","isLinked":false},"_padding_tablet":{"unit":"px","top":"0","right":"0","bottom":"0","left":"85","isLinked":false}},"elements":[],"isInner":false,"widgetType":"text-editor","elType":"widget"},{"id":"6cd518a8","settings":{"text":"shop now!","align":"center","size":"md","typography_typography":"custom","typography_font_family":"Open Sans","typography_font_size":{"unit":"px","size":30},"typography_font_size_mobile":{"unit":"px","size":20},"typography_font_weight":"900","typography_text_transform":"capitalize","typography_font_style":"italic","button_text_color":"#000000","background_color":"#ffffff","hover_color":"#e50039","button_background_hover_color":"#ffffff","border_radius":{"unit":"px","top":"50","right":"50","bottom":"50","left":"50","isLinked":true},"_margin_mobile":{"unit":"px","top":"-20","right":"0","bottom":"0","left":"0","isLinked":false}},"elements":[],"isInner":false,"widgetType":"button","elType":"widget"}],"isInner":false,"elType":"column"}],"isInner":false,"elType":"section"}],"page_settings":{"width":{"unit":"px","size":"1000"},"width_mobile":{"unit":"vw","size":"93"},"height_type":"custom","height":{"unit":"px","size":"1000"},"height_mobile":{"unit":"vh","size":"80"},"overlay":"","background_background":"classic","background_color":"rgba(27,20,100,0)","box_shadow_box_shadow":{"horizontal":"2","vertical":"8","blur":"23","spread":"3","color":""},"overlay_background_color":"rgba(255,255,255,0.32)","close_button_position":"outside","close_button_vertical":{"unit":"%","size":"25.4"},"close_button_vertical_tablet":{"unit":"%","size":"14.4"},"close_button_horizontal":{"unit":"%","size":"32.8"},"close_button_color":"#1b1464","icon_size":{"unit":"px","size":"21"},"padding":{"unit":"px","top":"240","right":"240","bottom":"240","left":"240","isLinked":"1"},"padding_tablet":{"unit":"px","top":"140","right":"140","bottom":"140","left":"140","isLinked":"1"},"padding_mobile":{"unit":"px","top":"0","right":"0","bottom":"0","left":"0","isLinked":""}}}