{"version":"0.4","title":"Digital Agency &#8211; Contact &#8211; page","type":"page","content":[{"id":"50ef3aaf","settings":{"content_width":{"unit":"px","size":"1200","sizes":[]},"height":"min-height","custom_height":{"unit":"px","size":"500","sizes":[]},"background_background":"gradient","background_color":"#0700dd","background_color_b":"#00f2ff","background_color_b_stop":{"unit":"%","size":"89","sizes":[]},"background_gradient_angle":{"unit":"deg","size":"130","sizes":[]},"background_overlay_background":"classic","background_overlay_image":{"id":"573","url":"https:\/\/library.elementor.com\/wp-content\/uploads\/2019\/07\/BG-contact-hero-New.png"},"background_overlay_position":"center center","background_overlay_xpos":{"unit":"px","size":"-133","sizes":[]},"background_overlay_ypos":{"unit":"px","size":"-89","sizes":[]},"background_overlay_repeat":"no-repeat","background_overlay_size":"cover","background_overlay_opacity":{"unit":"px","size":"0.15","sizes":[]},"shape_divider_bottom":"waves","shape_divider_bottom_width":{"unit":"%","size":"260","sizes":[]},"shape_divider_bottom_height":{"unit":"px","size":"120","sizes":[]},"shape_divider_bottom_flip":"yes","custom_height_tablet":{"unit":"px","size":"350","sizes":[]},"shape_divider_bottom_height_tablet":{"unit":"px","size":"195","sizes":[]},"margin":{"unit":"px","top":"","right":"0","bottom":"","left":"0","isLinked":"1"},"margin_mobile":{"unit":"%","top":"","right":"0","bottom":"","left":"0","isLinked":"1"},"padding_tablet":{"unit":"%","top":"0","right":"5","bottom":"0","left":"5","isLinked":""},"padding_mobile":{"unit":"%","top":"10","right":"5","bottom":"0","left":"5","isLinked":""},"_title":"Hero","background_overlay_position_tablet":"center left","custom_height_mobile":{"unit":"px","size":"280","sizes":[]},"shape_divider_bottom_height_mobile":{"unit":"px","size":"50","sizes":[]},"_timestamp_":"v1cDhTNkl3ZlQ3TFF5ZHIrMm5pK0MvZz09"},"elements":[{"id":"3e7c4958","settings":{"_column_size":"100","padding_tablet":{"unit":"px","top":"5","right":"5","bottom":"5","left":"5","isLinked":"1"},"content_position":"center"},"elements":[{"id":"290f06b7","settings":{"title":"Contact Us","title_color":"#ffffff","typography_typography":"custom","typography_font_family":"Varela Round","typography_font_size":{"unit":"px","size":"60","sizes":[]},"typography_font_weight":"300","typography_line_height":{"unit":"em","size":"1.2","sizes":[]},"align_mobile":"center","typography_font_size_tablet":{"unit":"px","size":"40","sizes":[]},"typography_font_size_mobile":{"unit":"px","size":"30","sizes":[]},"typography_text_transform":"capitalize","align":"center","header_size":"h1"},"elements":[],"isInner":false,"widgetType":"heading","elType":"widget"},{"id":"3fb0606","settings":{"title":"We would Be Happy To Assist You","title_color":"#ffffff","typography_typography":"custom","typography_font_family":"Montserrat","typography_font_size":{"unit":"px","size":"20","sizes":[]},"typography_font_weight":"300","align_mobile":"center","typography_font_size_mobile":{"unit":"px","size":"18","sizes":[]},"typography_text_transform":"capitalize","align":"center","header_size":"h3"},"elements":[],"isInner":false,"widgetType":"heading","elType":"widget"},{"id":"668ef38d","settings":{"text":"","size":"md","selected_icon":{"value":"fas fa-envelope","library":"fa-solid"},"icon_align":"right","typography_typography":"custom","typography_font_family":"Montserrat","typography_font_size":{"unit":"px","size":22,"sizes":[]},"typography_font_weight":"500","typography_text_transform":"capitalize","button_text_color":"#ffffff","background_color":"#4632da","button_background_hover_color":"#00dafc","border_radius":{"unit":"px","top":"200","right":"200","bottom":"200","left":"200","isLinked":true},"button_box_shadow_box_shadow_type":"yes","button_box_shadow_box_shadow":{"horizontal":0,"vertical":0,"blur":25,"spread":0,"color":"rgba(53,56,240,0.35)"},"text_padding":{"unit":"px","top":"25","right":"25","bottom":"0","left":"20","isLinked":false},"_padding":{"unit":"px","top":"0","right":"0","bottom":"50","left":"50","isLinked":false},"_element_width":"initial","_position":"fixed","_offset_x":{"unit":"px","size":-1,"sizes":[]},"_offset_orientation_v":"end","_title":"Popup Button","__dynamic__":{"link":"[elementor-tag id=\"d3619f5\" name=\"popup\" settings=\"%7B%7D\"]"},"_margin_mobile":{"unit":"px","top":"0","right":"0","bottom":"0","left":"0","isLinked":true},"_padding_mobile":{"unit":"px","top":"0","right":"0","bottom":"20","left":"20","isLinked":false},"_z_index":9999},"elements":[],"isInner":false,"widgetType":"button","elType":"widget"}],"isInner":"","elType":"column"}],"isInner":"","elType":"section"},{"id":"3dbacac6","settings":{"content_width":{"unit":"px","size":"1200","sizes":[]},"structure":"20","background_background":"classic","background_overlay_background":"classic","background_overlay_image":{"id":"574","url":"https:\/\/library.elementor.com\/wp-content\/uploads\/2019\/07\/BG-Form-Contact-Us.png"},"background_overlay_position":"bottom center","background_overlay_repeat":"no-repeat","background_overlay_size":"contain","background_overlay_opacity":{"unit":"px","size":"1","sizes":[]},"margin":{"unit":"%","top":"2","right":"0","bottom":"0","left":"0","isLinked":""},"padding":{"unit":"%","top":"8","right":"0","bottom":"8","left":"0","isLinked":""},"_title":"Form","background_overlay_position_tablet":"initial","background_overlay_xpos_tablet":{"unit":"px","size":"-535","sizes":[]},"background_overlay_size_tablet":"cover","margin_tablet":{"unit":"%","top":"15","right":"0","bottom":"10","left":"0","isLinked":""},"padding_tablet":{"unit":"%","top":"0","right":"5","bottom":"0","left":"5","isLinked":""},"reverse_order_tablet":"reverse-tablet","margin_mobile":{"unit":"%","top":"20","right":"0","bottom":"20","left":"0","isLinked":"1"},"reverse_order_mobile":"reverse-mobile","css_filters_css_filter":"custom","css_filters_saturate":{"unit":"px","size":"200","sizes":[]},"css_filters_hue":{"unit":"px","size":"360","sizes":[]},"_timestamp_":"v1cDhTNkl3ZlQ3TFF5ZHIrMm5pK0MvZz09"},"elements":[{"id":"3e0c8785","settings":{"_column_size":"50","content_position":"center","background_background":"classic","background_color":"#ffffff","border_radius":{"unit":"px","top":"10","right":"10","bottom":"10","left":"10","isLinked":"1"},"box_shadow_box_shadow_type":"yes","box_shadow_box_shadow":{"horizontal":"0","vertical":"0","blur":"30","spread":"0","color":"rgba(0,0,0,0.06)"},"padding":{"unit":"%","top":"12","right":"12","bottom":"12","left":"12","isLinked":"1"},"_inline_size_tablet":"100","margin_tablet":{"unit":"%","top":"5","right":"5","bottom":"5","left":"5","isLinked":""},"border_radius_mobile":{"unit":"px","top":"10","right":"10","bottom":"10","left":"10","isLinked":"1"},"margin_mobile":{"unit":"px","top":"0","right":"0","bottom":"0","left":"0","isLinked":"1"},"padding_mobile":{"unit":"%","top":"10","right":"10","bottom":"10","left":"10","isLinked":"1"},"motion_fx_motion_fx_scrolling":"yes","motion_fx_translateY_effect":"yes","motion_fx_translateY_direction":"negative","motion_fx_translateY_speed":{"unit":"px","size":"1","sizes":[]},"motion_fx_devices":["desktop","tablet"],"_title":"Form Column"},"elements":[{"id":"657701b9","settings":{"form_name":"New Form","form_fields":[{"custom_id":"name","field_type":"text","field_label":"Full Name","placeholder":"Full Name","width":"100","_id":"e311629","required":"","field_options":"","allow_multiple":"","select_size":"","inline_list":"","field_html":"","width_tablet":"","width_mobile":"","rows":"4","recaptcha_size":"normal","recaptcha_style":"light","css_classes":"","field_value":"","recaptcha_badge":"bottomright","file_sizes":"","file_types":"","allow_multiple_upload":"","max_files":"","acceptance_text":"","checked_by_default":"","field_min":"","field_max":"","min_date":"","max_date":"","use_native_date":"","use_native_time":""},{"custom_id":"email","field_type":"tel","required":"true","field_label":"Phone","placeholder":"Phone","width":"100","_id":"c31b5b4","field_options":"","allow_multiple":"","select_size":"","inline_list":"","field_html":"","width_tablet":"","width_mobile":"","rows":"4","recaptcha_size":"normal","recaptcha_style":"light","css_classes":"","field_value":"","recaptcha_badge":"bottomright","file_sizes":"","file_types":"","allow_multiple_upload":"","max_files":"","acceptance_text":"","checked_by_default":"","field_min":"","field_max":"","min_date":"","max_date":"","use_native_date":"","use_native_time":""},{"custom_id":"field_1","field_type":"email","required":"true","field_label":"Email","placeholder":"Email","width":"100","_id":"9b7be7d","field_options":"","allow_multiple":"","select_size":"","inline_list":"","field_html":"","width_tablet":"","width_mobile":"","rows":"4","recaptcha_size":"normal","recaptcha_style":"light","css_classes":"","field_value":"","recaptcha_badge":"bottomright","file_sizes":"","file_types":"","allow_multiple_upload":"","max_files":"","acceptance_text":"","checked_by_default":"","field_min":"","field_max":"","min_date":"","max_date":"","use_native_date":"","use_native_time":""},{"custom_id":"message","field_type":"textarea","field_label":"Write Us","placeholder":"Write Us","width":"100","_id":"2611720","required":"","field_options":"","allow_multiple":"","select_size":"","inline_list":"","field_html":"","width_tablet":"","width_mobile":"","rows":"4","recaptcha_size":"normal","recaptcha_style":"light","css_classes":"","field_value":"","recaptcha_badge":"bottomright","file_sizes":"","file_types":"","allow_multiple_upload":"","max_files":"","acceptance_text":"","checked_by_default":"","field_min":"","field_max":"","min_date":"","max_date":"","use_native_date":"","use_native_time":""}],"input_size":"md","show_labels":"","button_text":"Send","button_size":"md","button_align":"end","button_icon":"fa fa-arrow-right","button_icon_align":"right","button_icon_indent":{"unit":"px","size":"10","sizes":[]},"email_content":"[all-fields]","email_content_2":"[all-fields]","success_message":"The form was sent successfully.","error_message":"An error occured.","required_field_message":"This field is required.","invalid_message":"There's something wrong. The form is invalid.","row_gap":{"unit":"px","size":"25","sizes":[]},"field_text_color":"#3d4459","field_typography_typography":"custom","field_typography_font_family":"Montserrat","field_typography_font_size":{"unit":"px","size":"15","sizes":[]},"field_background_color":"#fafafa","field_border_width":{"unit":"px","top":"0","right":"0","bottom":"0","left":"0","isLinked":"1"},"field_border_radius":{"unit":"px","top":"5","right":"5","bottom":"5","left":"5","isLinked":"1"},"button_background_color":"#00dafc","button_typography_typography":"custom","button_typography_font_family":"Varela Round","button_typography_font_size":{"unit":"px","size":"16","sizes":[]},"button_border_radius":{"unit":"px","top":"30","right":"30","bottom":"30","left":"30","isLinked":"1"},"button_background_hover_color":"#4632da","selected_button_icon":{"value":"fas fa-arrow-right","library":"fa-solid"},"__fa4_migrated":{"selected_button_icon":"1"}},"elements":[],"isInner":false,"widgetType":"form","elType":"widget"}],"isInner":"","elType":"column"},{"id":"1353ea10","settings":{"_column_size":"50","content_position":"center","padding":{"unit":"%","top":"0","right":"12","bottom":"0","left":"12","isLinked":""},"_inline_size_tablet":"100","margin_tablet":{"unit":"%","top":"5","right":"0","bottom":"5","left":"0","isLinked":""},"padding_mobile":{"unit":"%","top":"5","right":"5","bottom":"5","left":"5","isLinked":"1"},"_title":"Content Column"},"elements":[{"id":"5d358e57","settings":{"title":"Call Us, Write Us, or Knock on Our Door","title_color":"#00dafc","typography_typography":"custom","typography_font_family":"Montserrat","typography_font_size":{"unit":"px","size":"20","sizes":[]},"typography_font_weight":"300","align_mobile":"center","typography_font_size_mobile":{"unit":"px","size":"18","sizes":[]},"typography_text_transform":"capitalize","align":"left","align_tablet":"center","header_size":"h3"},"elements":[],"isInner":false,"widgetType":"heading","elType":"widget"},{"id":"3eb5c9ea","settings":{"title":"We Would Be Happy To Meet You And Learn All About Your Business","title_color":"#3d4459","typography_typography":"custom","typography_font_family":"Varela Round","typography_font_size":{"unit":"px","size":"40","sizes":[]},"typography_font_weight":"300","typography_line_height":{"unit":"em","size":"1.2","sizes":[]},"align_mobile":"center","typography_font_size_tablet":{"unit":"px","size":"35","sizes":[]},"typography_font_size_mobile":{"unit":"px","size":"30","sizes":[]},"typography_text_transform":"capitalize","align":"left","_margin":{"unit":"%","top":"-3","right":"0","bottom":"0","left":"0","isLinked":""},"align_tablet":"center"},"elements":[],"isInner":false,"widgetType":"heading","elType":"widget"},{"id":"723cfa13","settings":{"editor":"<p class=\"p1\"><span class=\"s1\">Lorem ipsum dolor sit amet, consectetur adiop iscing elit, sed do eiusmod tempor inci didunt ult labore et dolore magna aliqua.<\/span><\/p>","text_color":"#3d4459","typography_typography":"custom","typography_font_family":"Montserrat","typography_font_weight":"200","align_mobile":"center","align_tablet":"center","typography_font_size":{"unit":"px","size":"16","sizes":[]},"typography_line_height":{"unit":"em","size":"1.4","sizes":[]}},"elements":[],"isInner":false,"widgetType":"text-editor","elType":"widget"},{"id":"5e0ce59c","settings":{"icon_list":[{"text":"Sunday: Closed","icon":"","_id":"dd5ccd5","link":{"url":"","is_external":"","nofollow":""},"selected_icon":{"value":"fas fa-check","library":"fa-solid"}},{"text":"Monday - Thursday: 9AM - 7PM","icon":"","_id":"4836857","link":{"url":"","is_external":"","nofollow":""},"selected_icon":{"value":"fas fa-check","library":"fa-solid"}},{"text":"Friday: 9AM - 5PM","icon":"","_id":"e171e7a","link":{"url":"","is_external":"","nofollow":""},"selected_icon":{"value":"fas fa-check","library":"fa-solid"}}],"space_between":{"unit":"px","size":"25","sizes":[]},"text_color":"#3d4459","icon_typography_typography":"custom","icon_typography_font_family":"Montserrat","icon_typography_font_size":{"unit":"px","size":"18","sizes":[]},"icon_align_tablet":"center","icon_typography_font_size_mobile":{"unit":"px","size":"16","sizes":[]}},"elements":[],"isInner":false,"widgetType":"icon-list","elType":"widget"}],"isInner":"","elType":"column"}],"isInner":"","elType":"section"},{"id":"2756d9e5","settings":{"content_width":{"unit":"px","size":"1200","sizes":[]},"background_background":"classic","background_overlay_background":"classic","background_overlay_image":{"id":"578","url":"https:\/\/library.elementor.com\/wp-content\/uploads\/2019\/07\/BG-contact-info.png"},"background_overlay_position":"bottom left","background_overlay_repeat":"no-repeat","background_overlay_opacity":{"unit":"px","size":"1","sizes":[]},"margin":{"unit":"%","top":"0","right":"0","bottom":"10","left":"0","isLinked":""},"padding":{"unit":"%","top":"5","right":"0","bottom":"10","left":"0","isLinked":""},"_title":"Contact Info","background_overlay_position_tablet":"initial","background_overlay_xpos_tablet":{"unit":"px","size":"272","sizes":[]},"background_overlay_ypos_tablet":{"unit":"px","size":"136","sizes":[]},"padding_tablet":{"unit":"%","top":"5","right":"5","bottom":"10","left":"5","isLinked":""},"margin_mobile":{"unit":"%","top":"25","right":"0","bottom":"25","left":"0","isLinked":"1"},"css_filters_css_filter":"custom","css_filters_saturate":{"unit":"px","size":"200","sizes":[]},"css_filters_hue":{"unit":"px","size":"360","sizes":[]},"_timestamp_":"v1cDhTNkl3ZlQ3TFF5ZHIrMm5pK0MvZz09"},"elements":[{"id":"77eb8b7b","settings":{"_column_size":"100","padding":{"unit":"px","top":"0","right":"0","bottom":"0","left":"0","isLinked":"1"}},"elements":[{"id":"1820f9e0","settings":{"title":"Let\u05f3s Meet","title_color":"#4632da","typography_typography":"custom","typography_font_family":"Varela Round","typography_font_size":{"unit":"px","size":"45","sizes":[]},"typography_font_weight":"300","typography_line_height":{"unit":"em","size":"1.2","sizes":[]},"align":"center","typography_font_size_tablet":{"unit":"px","size":"35","sizes":[]},"typography_font_size_mobile":{"unit":"px","size":"28","sizes":[]},"typography_text_transform":"capitalize","align_mobile":"center","motion_fx_motion_fx_scrolling":"yes","motion_fx_translateY_effect":"yes","motion_fx_translateY_speed":{"unit":"px","size":"0.5","sizes":[]},"motion_fx_translateY_affectedRange":{"unit":"%","size":"","sizes":{"start":"0","end":"50"}},"motion_fx_opacity_effect":"yes","motion_fx_opacity_range":{"unit":"%","size":"","sizes":{"start":"0","end":"50"}},"header_size":"h4"},"elements":[],"isInner":false,"widgetType":"heading","elType":"widget"},{"id":"7b2b3bf9","settings":{"title":"Coffee Is On Us","title_color":"#3d4459","typography_typography":"custom","typography_font_family":"Montserrat","typography_font_size":{"unit":"px","size":"20","sizes":[]},"typography_font_weight":"300","align":"center","typography_font_size_mobile":{"unit":"px","size":"18","sizes":[]},"typography_text_transform":"capitalize","_margin":{"unit":"%","top":"","right":"","bottom":"","left":"","isLinked":"1"}},"elements":[],"isInner":false,"widgetType":"heading","elType":"widget"},{"id":"5478e4d8","settings":{"content_width":{"unit":"px","size":"1200","sizes":[]},"structure":"30","margin":{"unit":"px","top":"0","right":"0","bottom":"0","left":"0","isLinked":""},"margin_tablet":{"unit":"%","top":"5","right":"0","bottom":"0","left":"0","isLinked":""},"margin_mobile":{"unit":"%","top":"15","right":"0","bottom":"0","left":"0","isLinked":""},"padding_tablet":{"unit":"%","top":"0","right":"5","bottom":"0","left":"5","isLinked":""},"motion_fx_motion_fx_scrolling":"yes","motion_fx_translateY_effect":"yes","motion_fx_translateY_speed":{"unit":"px","size":"1","sizes":[]},"motion_fx_translateY_affectedRange":{"unit":"%","size":"","sizes":{"start":"0","end":"50"}},"motion_fx_opacity_effect":"yes","motion_fx_opacity_range":{"unit":"%","size":"","sizes":{"start":"0","end":"50"}},"motion_fx_devices":["desktop","tablet"],"_title":"Info Inner Section"},"elements":[{"id":"36595879","settings":{"_column_size":"33","background_background":"classic","background_color":"#ffffff","border_radius":{"unit":"px","top":"15","right":"15","bottom":"15","left":"70","isLinked":""},"box_shadow_box_shadow_type":"yes","box_shadow_box_shadow":{"horizontal":"0","vertical":"0","blur":"20","spread":"0","color":"rgba(0,0,0,0.05)"},"margin":{"unit":"%","top":"3","right":"3","bottom":"3","left":"3","isLinked":"1"},"padding":{"unit":"%","top":"14","right":"14","bottom":"14","left":"14","isLinked":"1"},"padding_mobile":{"unit":"%","top":"","right":"","bottom":"","left":"","isLinked":"1"},"content_position":"center","_title":"Call Column"},"elements":[{"id":"2c520765","settings":{"image":{"id":"575","url":"https:\/\/library.elementor.com\/wp-content\/uploads\/2019\/07\/Phoneicon.png"},"title_text":"Give Us A Call\u200b\u200b","description_text":"209-337-5705\u200b\u200b","image_size":{"unit":"%","size":"25","sizes":[]},"text_align":"center","text_align_mobile":"center","title_color":"#3d4459","title_typography_typography":"custom","title_typography_font_family":"Varela Round","title_typography_font_size":{"unit":"px","size":"20","sizes":[]},"title_typography_font_size_tablet":{"unit":"px","size":"18","sizes":[]},"title_typography_font_weight":"400","title_typography_text_transform":"capitalize","description_color":"#3d4459","description_typography_typography":"custom","description_typography_font_family":"Montserrat","description_typography_font_size":{"unit":"px","size":"16","sizes":[]},"description_typography_font_size_tablet":{"unit":"px","size":"15","sizes":[]},"description_typography_font_weight":"300"},"elements":[],"isInner":false,"widgetType":"image-box","elType":"widget"}],"isInner":"1","elType":"column"},{"id":"544941fc","settings":{"_column_size":"33","background_background":"classic","background_color":"#ffffff","border_radius":{"unit":"px","top":"15","right":"15","bottom":"15","left":"70","isLinked":""},"box_shadow_box_shadow_type":"yes","box_shadow_box_shadow":{"horizontal":"0","vertical":"0","blur":"20","spread":"0","color":"rgba(0,0,0,0.05)"},"margin":{"unit":"%","top":"3","right":"3","bottom":"3","left":"3","isLinked":"1"},"padding":{"unit":"%","top":"14","right":"14","bottom":"14","left":"14","isLinked":"1"},"padding_mobile":{"unit":"%","top":"","right":"","bottom":"","left":"","isLinked":"1"},"content_position":"center","_title":"Location Column"},"elements":[{"id":"134f49c9","settings":{"image":{"id":"576","url":"https:\/\/library.elementor.com\/wp-content\/uploads\/2019\/07\/Location-Icon.png"},"title_text":"We're On The Map\u200b\u200b","description_text":"1376 Carriage Court\u200b\u200b","image_size":{"unit":"%","size":"25","sizes":[]},"text_align":"center","text_align_mobile":"center","title_color":"#3d4459","title_typography_typography":"custom","title_typography_font_family":"Varela Round","title_typography_font_size":{"unit":"px","size":"20","sizes":[]},"title_typography_font_size_tablet":{"unit":"px","size":"18","sizes":[]},"title_typography_font_weight":"400","title_typography_text_transform":"capitalize","description_color":"#3d4459","description_typography_typography":"custom","description_typography_font_family":"Montserrat","description_typography_font_size":{"unit":"px","size":"16","sizes":[]},"description_typography_font_size_tablet":{"unit":"px","size":"15","sizes":[]},"description_typography_font_weight":"300"},"elements":[],"isInner":false,"widgetType":"image-box","elType":"widget"}],"isInner":"1","elType":"column"},{"id":"40651f05","settings":{"_column_size":"33","background_background":"classic","background_color":"#ffffff","border_radius":{"unit":"px","top":"15","right":"15","bottom":"15","left":"70","isLinked":""},"box_shadow_box_shadow_type":"yes","box_shadow_box_shadow":{"horizontal":"0","vertical":"0","blur":"20","spread":"0","color":"rgba(0,0,0,0.05)"},"margin":{"unit":"%","top":"3","right":"3","bottom":"3","left":"3","isLinked":"1"},"padding":{"unit":"%","top":"14","right":"14","bottom":"14","left":"14","isLinked":"1"},"padding_mobile":{"unit":"%","top":"","right":"","bottom":"","left":"","isLinked":"1"},"content_position":"center","_title":"Mail Column"},"elements":[{"id":"7c0f3338","settings":{"image":{"id":"577","url":"https:\/\/library.elementor.com\/wp-content\/uploads\/2019\/07\/Mail-icon.png"},"title_text":"Send Us A Message\u200b\u200b","description_text":"beyond@info.com\u200b\u200b","image_size":{"unit":"%","size":"25","sizes":[]},"text_align":"center","text_align_mobile":"center","title_color":"#3d4459","title_typography_typography":"custom","title_typography_font_family":"Varela Round","title_typography_font_size":{"unit":"px","size":"20","sizes":[]},"title_typography_font_size_tablet":{"unit":"px","size":"18","sizes":[]},"title_typography_font_weight":"400","title_typography_text_transform":"capitalize","description_color":"#3d4459","description_typography_typography":"custom","description_typography_font_family":"Montserrat","description_typography_font_size":{"unit":"px","size":"16","sizes":[]},"description_typography_font_size_tablet":{"unit":"px","size":"15","sizes":[]},"description_typography_font_weight":"300"},"elements":[],"isInner":false,"widgetType":"image-box","elType":"widget"}],"isInner":"1","elType":"column"}],"isInner":"1","elType":"section"}],"isInner":"","elType":"column"}],"isInner":"","elType":"section"},{"id":"2e829494","settings":{"content_width":{"unit":"px","size":"1200","sizes":[]},"custom_height":{"unit":"px","size":"665","sizes":[]},"structure":"20","background_background":"gradient","background_color":"#0700dd","background_color_b":"#00f2ff","background_color_b_stop":{"unit":"%","size":"89","sizes":[]},"background_gradient_angle":{"unit":"deg","size":"130","sizes":[]},"background_overlay_background":"classic","background_overlay_image":{"id":"485","url":"https:\/\/library.elementor.com\/wp-content\/uploads\/2019\/07\/CTA-Shapes.png"},"background_overlay_position":"center center","background_overlay_position_tablet":"center left","background_overlay_xpos":{"unit":"px","size":"-133","sizes":[]},"background_overlay_ypos":{"unit":"px","size":"-89","sizes":[]},"background_overlay_repeat":"no-repeat","background_overlay_size":"cover","background_overlay_opacity":{"unit":"px","size":"0.15","sizes":[]},"shape_divider_top":"waves","shape_divider_top_width":{"unit":"%","size":"230","sizes":[]},"shape_divider_top_height":{"unit":"px","size":"100","sizes":[]},"shape_divider_top_height_tablet":{"unit":"px","size":"70","sizes":[]},"shape_divider_top_flip":"yes","shape_divider_bottom_width":{"unit":"%","size":"260","sizes":[]},"shape_divider_bottom_height":{"unit":"px","size":"120","sizes":[]},"shape_divider_bottom_flip":"yes","padding":{"unit":"px","top":"0","right":"0","bottom":"50","left":"0","isLinked":""},"padding_tablet":{"unit":"%","top":"5","right":"5","bottom":"5","left":"5","isLinked":""},"padding_mobile":{"unit":"%","top":"15","right":"5","bottom":"5","left":"5","isLinked":""},"_title":"CTA","_timestamp_":"v1cDhTNkl3ZlQ3TFF5ZHIrMm5pK0MvZz09"},"elements":[{"id":"6db32b49","settings":{"_column_size":"50","content_position":"center","padding":{"unit":"px","top":"50","right":"30","bottom":"0","left":"0","isLinked":""},"padding_mobile":{"unit":"%","top":"5","right":"5","bottom":"5","left":"5","isLinked":"1"},"padding_tablet":{"unit":"px","top":"0","right":"0","bottom":"0","left":"0","isLinked":"1"},"_title":"Content Column"},"elements":[{"id":"4e663ca7","settings":{"title":"Want To Learn More About Our Services? ","title_color":"#ffffff","typography_typography":"custom","typography_font_family":"Varela Round","typography_font_size":{"unit":"px","size":"45","sizes":[]},"typography_font_weight":"300","typography_line_height":{"unit":"em","size":"1.2","sizes":[]},"align":"left","align_mobile":"center","typography_font_size_tablet":{"unit":"px","size":"34","sizes":[]},"typography_font_size_mobile":{"unit":"px","size":"28","sizes":[]},"typography_text_transform":"capitalize","header_size":"h4"},"elements":[],"isInner":false,"widgetType":"heading","elType":"widget"},{"id":"d5e2abd","settings":{"title":"let\u2019s talk","title_color":"#ffffff","typography_typography":"custom","typography_font_family":"Montserrat","typography_font_size":{"unit":"px","size":"20","sizes":[]},"typography_font_weight":"400","align":"left","align_mobile":"center","typography_text_transform":"capitalize"},"elements":[],"isInner":false,"widgetType":"heading","elType":"widget"},{"id":"7d439740","settings":{"text":"Our Services","link":{"url":"#about","is_external":"","nofollow":""},"size":"md","selected_icon":{"value":"fas fa-arrow-right","library":"fa-solid"},"icon_align":"right","icon_indent":{"unit":"px","size":10,"sizes":[]},"typography_typography":"custom","typography_font_family":"Montserrat","typography_font_size":{"unit":"px","size":15,"sizes":[]},"typography_font_weight":"500","typography_text_transform":"capitalize","button_text_color":"#00dafc","background_color":"#ffffff","hover_color":"#ffffff","button_background_hover_color":"#00dafc","border_radius":{"unit":"px","top":"30","right":"30","bottom":"30","left":"30","isLinked":true},"button_box_shadow_box_shadow_type":"yes","button_box_shadow_box_shadow":{"horizontal":0,"vertical":0,"blur":30,"spread":0,"color":"rgba(0,0,0,0.1)"},"_margin":{"unit":"px","top":"50","right":"0","bottom":"0","left":"0","isLinked":false},"align_mobile":"center","_margin_tablet":{"unit":"px","top":"20","right":"0","bottom":"0","left":"0","isLinked":false}},"elements":[],"isInner":false,"widgetType":"button","elType":"widget"}],"isInner":"","elType":"column"},{"id":"70a244f","settings":{"_column_size":"50","padding_tablet":{"unit":"px","top":"0","right":"0","bottom":"0","left":"020","isLinked":""},"padding":{"unit":"px","top":"0","right":"0","bottom":"0","left":"0","isLinked":"1"},"_title":"Image Column"},"elements":[{"id":"6e74c5ec","settings":{"image":{"id":"579","url":"https:\/\/library.elementor.com\/wp-content\/uploads\/2019\/07\/CTA-contact-us-new.png"},"image_size":"full","image_border_radius":{"unit":"px","top":"300","right":"100","bottom":"100","left":"100","isLinked":""},"image_box_shadow_box_shadow_type":"yes","image_box_shadow_box_shadow":{"horizontal":"0","vertical":"0","blur":"30","spread":"0","color":"rgba(0,0,0,0.12)"},"_margin":{"unit":"%","top":"-10","right":"0","bottom":"0","left":"0","isLinked":""},"_element_custom_width":{"unit":"px","size":"540","sizes":[]},"_offset_x":{"size":"0","unit":"px"},"_offset_y":{"size":"0","unit":"px"},"_margin_tablet":{"unit":"%","top":"-16","right":"0","bottom":"0","left":"0","isLinked":""},"_margin_mobile":{"unit":"%","top":"20","right":"0","bottom":"-15","left":"0","isLinked":""},"align":"right","motion_fx_motion_fx_scrolling":"yes","motion_fx_translateY_effect":"yes","motion_fx_translateY_direction":"negative","motion_fx_translateY_speed":{"unit":"px","size":"1","sizes":[]},"motion_fx_devices":["desktop","tablet"],"motion_fx_translateY_affectedRange":{"unit":"%","size":"","sizes":{"start":"0","end":"50"}}},"elements":[],"isInner":false,"widgetType":"image","elType":"widget"}],"isInner":"","elType":"column"}],"isInner":"","elType":"section"}]}