{"version":"0.4","title":"Digital Agency &#8211; Social Media &#8211; page","type":"page","content":[{"id":"7109701d","settings":{"content_width":{"unit":"px","size":"1200","sizes":[]},"height":"min-height","custom_height":{"unit":"px","size":"500","sizes":[]},"background_background":"gradient","background_color":"#0700dd","background_color_b":"#00f2ff","background_color_b_stop":{"unit":"%","size":"89","sizes":[]},"background_gradient_angle":{"unit":"deg","size":"130","sizes":[]},"background_overlay_background":"classic","background_overlay_position":"center center","background_overlay_xpos":{"unit":"px","size":"-133","sizes":[]},"background_overlay_ypos":{"unit":"px","size":"-89","sizes":[]},"background_overlay_repeat":"no-repeat","background_overlay_size":"cover","background_overlay_opacity":{"unit":"px","size":"0.15","sizes":[]},"shape_divider_bottom":"waves","shape_divider_bottom_width":{"unit":"%","size":"260","sizes":[]},"shape_divider_bottom_height":{"unit":"px","size":"120","sizes":[]},"shape_divider_bottom_flip":"yes","custom_height_tablet":{"unit":"px","size":"350","sizes":[]},"shape_divider_bottom_height_tablet":{"unit":"px","size":"195","sizes":[]},"margin":{"unit":"px","top":"","right":"0","bottom":"","left":"0","isLinked":"1"},"margin_mobile":{"unit":"%","top":"","right":"0","bottom":"","left":"0","isLinked":"1"},"padding_tablet":{"unit":"%","top":"0","right":"5","bottom":"0","left":"5","isLinked":""},"padding_mobile":{"unit":"%","top":"10","right":"5","bottom":"0","left":"5","isLinked":""},"_title":"Hero","custom_height_mobile":{"unit":"px","size":"280","sizes":[]},"background_overlay_position_tablet":"center left","background_overlay_position_mobile":"center left","shape_divider_bottom_height_mobile":{"unit":"px","size":"50","sizes":[]},"background_overlay_image":{"id":"534","url":"https:\/\/library.elementor.com\/wp-content\/uploads\/2019\/07\/BG-Social-Media.png"},"_timestamp_":"v1cDhTNkl3ZlQ3TFF5ZHIrMm5pK0MvZz09"},"elements":[{"id":"55d9240f","settings":{"_column_size":"100","padding_tablet":{"unit":"px","top":"5","right":"5","bottom":"5","left":"5","isLinked":"1"},"content_position":"center"},"elements":[{"id":"1237755e","settings":{"title":"Social Media","title_color":"#ffffff","typography_typography":"custom","typography_font_family":"Varela Round","typography_font_size":{"unit":"px","size":"60","sizes":[]},"typography_font_weight":"300","typography_line_height":{"unit":"em","size":"1.2","sizes":[]},"align_mobile":"center","typography_font_size_tablet":{"unit":"px","size":"40","sizes":[]},"typography_font_size_mobile":{"unit":"px","size":"30","sizes":[]},"typography_text_transform":"capitalize","align":"center","header_size":"h1"},"elements":[],"isInner":false,"widgetType":"heading","elType":"widget"},{"id":"4e7b6fe8","settings":{"title":"How to get more likes and shares","title_color":"#ffffff","typography_typography":"custom","typography_font_family":"Montserrat","typography_font_size":{"unit":"px","size":"20","sizes":[]},"typography_font_weight":"300","align_mobile":"center","typography_font_size_mobile":{"unit":"px","size":"18","sizes":[]},"typography_text_transform":"capitalize","align":"center","header_size":"h3"},"elements":[],"isInner":false,"widgetType":"heading","elType":"widget"},{"id":"48e24551","settings":{"text":"","size":"md","selected_icon":{"value":"fas fa-envelope","library":"fa-solid"},"icon_align":"right","typography_typography":"custom","typography_font_family":"Montserrat","typography_font_size":{"unit":"px","size":22,"sizes":[]},"typography_font_weight":"500","typography_text_transform":"capitalize","button_text_color":"#ffffff","background_color":"#4632da","button_background_hover_color":"#00dafc","border_radius":{"unit":"px","top":"200","right":"200","bottom":"200","left":"200","isLinked":true},"button_box_shadow_box_shadow_type":"yes","button_box_shadow_box_shadow":{"horizontal":0,"vertical":0,"blur":25,"spread":0,"color":"rgba(53,56,240,0.35)"},"text_padding":{"unit":"px","top":"25","right":"25","bottom":"0","left":"20","isLinked":false},"_padding":{"unit":"px","top":"0","right":"0","bottom":"50","left":"50","isLinked":false},"_element_width":"initial","_position":"fixed","_offset_x":{"unit":"px","size":-1,"sizes":[]},"_offset_orientation_v":"end","_title":"Popup Button","__dynamic__":{"link":"[elementor-tag id=\"d3619f5\" name=\"popup\" settings=\"%7B%7D\"]"},"_padding_mobile":{"unit":"px","top":"0","right":"0","bottom":"20","left":"20","isLinked":false}},"elements":[],"isInner":false,"widgetType":"button","elType":"widget"}],"isInner":"","elType":"column"}],"isInner":"","elType":"section"},{"id":"78278df0","settings":{"content_width":{"unit":"px","size":"1200","sizes":[]},"margin":{"unit":"px","top":"100","right":"0","bottom":"0","left":"0","isLinked":""},"margin_tablet":{"unit":"px","top":"50","right":"0","bottom":"0","left":"0","isLinked":""},"_title":"Intro","background_background":"classic","background_overlay_background":"classic","background_overlay_image":{"id":"536","url":"https:\/\/library.elementor.com\/wp-content\/uploads\/2019\/07\/BG-Service-one.png"},"background_overlay_position":"bottom center","background_overlay_repeat":"no-repeat","background_overlay_opacity":{"unit":"px","size":"1","sizes":[]},"padding":{"unit":"px","top":"150","right":"0","bottom":"200","left":"0","isLinked":""},"padding_mobile":{"unit":"px","top":"100","right":"0","bottom":"0","left":"0","isLinked":""},"background_overlay_position_tablet":"initial","background_overlay_xpos_tablet":{"unit":"px","size":"-261","sizes":[]},"background_overlay_ypos_tablet":{"unit":"px","size":"599","sizes":[]},"padding_tablet":{"unit":"px","top":"100","right":"0","bottom":"100","left":"0","isLinked":""},"_timestamp_":"v1cDhTNkl3ZlQ3TFF5ZHIrMm5pK0MvZz09"},"elements":[{"id":"21b80c92","settings":{"_column_size":"100","padding":{"unit":"px","top":"0","right":"0","bottom":"0","left":"0","isLinked":"1"},"padding_mobile":{"unit":"px","top":"0","right":"20","bottom":"0","left":"20","isLinked":""}},"elements":[{"id":"1f0c1206","settings":{"title":"engage audiences with increased Online Presence","title_color":"#3d4459","typography_typography":"custom","typography_font_family":"Montserrat","typography_font_size":{"unit":"px","size":"20","sizes":[]},"typography_font_weight":"300","align_mobile":"center","typography_font_size_mobile":{"unit":"px","size":"18","sizes":[]},"typography_text_transform":"capitalize","align":"center","header_size":"h4"},"elements":[],"isInner":false,"widgetType":"heading","elType":"widget"},{"id":"6288757d","settings":{"title":"Learn About Our Social Media Marketing Strategy","title_color":"#4632da","typography_typography":"custom","typography_font_family":"Varela Round","typography_font_size":{"unit":"px","size":"45","sizes":[]},"typography_font_weight":"300","typography_line_height":{"unit":"em","size":"1.2","sizes":[]},"align_mobile":"center","typography_font_size_tablet":{"unit":"px","size":"35","sizes":[]},"typography_font_size_mobile":{"unit":"px","size":"28","sizes":[]},"typography_text_transform":"capitalize","align":"center","motion_fx_translateY_effect":"yes","motion_fx_translateY_speed":{"unit":"px","size":"0.5","sizes":[]},"motion_fx_translateY_affectedRange":{"unit":"%","size":"","sizes":{"start":"0","end":"50"}},"motion_fx_opacity_effect":"yes","motion_fx_opacity_range":{"unit":"%","size":"","sizes":{"start":"0","end":"50"}},"_margin":{"unit":"%","top":"0","right":"15","bottom":"0","left":"15","isLinked":""},"_margin_mobile":{"unit":"px","top":"0","right":"0","bottom":"0","left":"0","isLinked":"1"}},"elements":[],"isInner":false,"widgetType":"heading","elType":"widget"},{"id":"32ec8c7","settings":{"content_width":{"unit":"px","size":"1200","sizes":[]},"structure":"30","margin":{"unit":"px","top":"80","right":"0","bottom":"0","left":"0","isLinked":""},"margin_mobile":{"unit":"px","top":"20","right":"0","bottom":"0","left":"0","isLinked":""},"reverse_order_tablet":"reverse-tablet","reverse_order_mobile":"reverse-mobile"},"elements":[{"id":"3b7503cc","settings":{"_column_size":"33","content_position":"center","_inline_size_tablet":"100","margin_tablet":{"unit":"px","top":"150","right":"0","bottom":"0","left":"0","isLinked":""},"margin_mobile":{"unit":"px","top":"50","right":"0","bottom":"0","left":"0","isLinked":""},"_title":"Image Column"},"elements":[{"id":"336d5767","settings":{"image":{"id":"535","url":"https:\/\/library.elementor.com\/wp-content\/uploads\/2019\/07\/Pic-Intro-Service-social-media-1.png"},"image_size":"full","image_border_radius":{"unit":"px","top":"200","right":"100","bottom":"100","left":"100","isLinked":""},"image_box_shadow_box_shadow_type":"yes","image_box_shadow_box_shadow":{"horizontal":"0","vertical":"0","blur":"30","spread":"0","color":"rgba(0,0,0,0.12)"},"_margin":{"unit":"%","top":"-10","right":"0","bottom":"0","left":"0","isLinked":""},"_element_custom_width":{"unit":"px","size":"540","sizes":[]},"_offset_x":{"size":"0","unit":"px"},"_offset_y":{"size":"0","unit":"px"},"_margin_tablet":{"unit":"%","top":"","right":"","bottom":"","left":"","isLinked":"1"},"_margin_mobile":{"unit":"%","top":"0","right":"0","bottom":"0","left":"0","isLinked":"1"},"align_tablet":"center","width_tablet":{"unit":"%","size":"50","sizes":[]},"width_mobile":{"unit":"%","size":"100","sizes":[]},"motion_fx_motion_fx_scrolling":"yes","motion_fx_translateY_effect":"yes","motion_fx_translateY_speed":{"unit":"px","size":"1","sizes":[]}},"elements":[],"isInner":false,"widgetType":"image","elType":"widget"}],"isInner":"1","elType":"column"},{"id":"515c3907","settings":{"_column_size":"33","padding":{"unit":"px","top":"10","right":"30","bottom":"10","left":"30","isLinked":""},"_inline_size_tablet":"50","margin_mobile":{"unit":"px","top":"50","right":"0","bottom":"0","left":"0","isLinked":""},"_title":"Content Column"},"elements":[{"id":"31f1b71","settings":{"title":"What's Trending Now","title_color":"#3d4459","typography_typography":"custom","typography_font_family":"Varela Round","typography_font_size":{"unit":"px","size":"32","sizes":[]},"typography_font_weight":"300","typography_line_height":{"unit":"em","size":"1.2","sizes":[]},"align_mobile":"center","typography_font_size_tablet":{"unit":"px","size":"30","sizes":[]},"typography_font_size_mobile":{"unit":"px","size":"26","sizes":[]},"typography_text_transform":"capitalize","header_size":"h3"},"elements":[],"isInner":false,"widgetType":"heading","elType":"widget"},{"id":"2b514356","settings":{"editor":"<p>Lorem ipsum dolor sit amet, consectetur adipiscing elit. Quisque rhoncus nisi sed suscipit cursus. Donec porta metus porta, ullamcorper libero ut, viverra augue. Maecenas consequat, dolor eget pharetra imperdiet, dolor urna luctus urna, id porta tellus leo nec nisla.<\/p>","text_color":"#3d4459","typography_typography":"custom","typography_font_family":"Montserrat","typography_font_weight":"200","align_mobile":"center","typography_font_size":{"unit":"px","size":"16","sizes":[]},"typography_line_height":{"unit":"em","size":"1.4","sizes":[]}},"elements":[],"isInner":false,"widgetType":"text-editor","elType":"widget"},{"id":"51913734","settings":{"editor":"Mauris et volutpat sapien, facilisis eleifend felis. Phasellus rutrum purus risus, vel vestibulum sem commodo vitae. Fusce vel arcu quam. Nulla euismod a mi eu elentum. Mauris iaculis nec justo ac fermentum. Quisque quis enim sit amet.","text_color":"#3d4459","typography_typography":"custom","typography_font_family":"Montserrat","typography_font_weight":"200","align_mobile":"center","typography_font_size":{"unit":"px","size":"16","sizes":[]},"typography_line_height":{"unit":"em","size":"1.4","sizes":[]}},"elements":[],"isInner":false,"widgetType":"text-editor","elType":"widget"}],"isInner":"1","elType":"column"},{"id":"68d87231","settings":{"_column_size":"33","padding":{"unit":"px","top":"10","right":"30","bottom":"10","left":"30","isLinked":""},"_inline_size_tablet":"50","_title":"Content Column"},"elements":[{"id":"6d7501db","settings":{"title":"Don't Miss Out","title_color":"#3d4459","typography_typography":"custom","typography_font_family":"Varela Round","typography_font_size":{"unit":"px","size":"32","sizes":[]},"typography_font_weight":"300","typography_line_height":{"unit":"em","size":"1.2","sizes":[]},"align_mobile":"center","typography_font_size_tablet":{"unit":"px","size":"30","sizes":[]},"typography_font_size_mobile":{"unit":"px","size":"26","sizes":[]},"typography_text_transform":"capitalize","header_size":"h3"},"elements":[],"isInner":false,"widgetType":"heading","elType":"widget"},{"id":"18f1c16a","settings":{"editor":"<p>Lorem ipsum dolor sit amet, consectetur adipiscing elit. Quisque rhoncus nisi sed suscipit cursus. Donec porta metus porta, ullamcorper libero ut, viverra augue. Maecenas consequat, dolor eget pharetra imperdiet, dolor urna luctus urna, id porta tellus leo nec nisla.<\/p>","text_color":"#3d4459","typography_typography":"custom","typography_font_family":"Montserrat","typography_font_weight":"200","align_mobile":"center","typography_font_size":{"unit":"px","size":"16","sizes":[]},"typography_line_height":{"unit":"em","size":"1.4","sizes":[]}},"elements":[],"isInner":false,"widgetType":"text-editor","elType":"widget"},{"id":"4e1cb8df","settings":{"editor":"Mauris et volutpat sapien, facilisis eleifend felis. Phasellus rutrum purus risus, vel vestibulum sem commodo vitae. Fusce vel arcu quam. Nulla euismod a mi eu elentum. Mauris iaculis nec justo ac fermentum. Quisque quis enim sit amet.","text_color":"#3d4459","typography_typography":"custom","typography_font_family":"Montserrat","typography_font_weight":"200","align_mobile":"center","typography_font_size":{"unit":"px","size":"16","sizes":[]},"typography_line_height":{"unit":"em","size":"1.4","sizes":[]}},"elements":[],"isInner":false,"widgetType":"text-editor","elType":"widget"}],"isInner":"1","elType":"column"}],"isInner":"1","elType":"section"}],"isInner":"","elType":"column"}],"isInner":"","elType":"section"},{"id":"418a91cd","settings":{"content_width":{"unit":"px","size":"1200","sizes":[]},"structure":"20","padding":{"unit":"px","top":"50","right":"0","bottom":"50","left":"0","isLinked":""},"padding_mobile":{"unit":"px","top":"0","right":"0","bottom":"0","left":"0","isLinked":"1"},"_title":"Strong Points\u200b","margin_mobile":{"unit":"px","top":"80","right":"0","bottom":"0","left":"0","isLinked":""},"_timestamp_":"v1cDhTNkl3ZlQ3TFF5ZHIrMm5pK0MvZz09"},"elements":[{"id":"78b0ff3a","settings":{"_column_size":"50","content_position":"center","padding":{"unit":"px","top":"10","right":"150","bottom":"0","left":"0","isLinked":""},"padding_tablet":{"unit":"px","top":"20","right":"20","bottom":"20","left":"20","isLinked":"1"},"_title":"Content Column"},"elements":[{"id":"775e464d","settings":{"title":"Company Strengths at a glance","title_color":"#4632da","typography_typography":"custom","typography_font_family":"Montserrat","typography_font_size":{"unit":"px","size":"20","sizes":[]},"typography_font_weight":"300","align_mobile":"center","typography_font_size_mobile":{"unit":"px","size":"18","sizes":[]},"typography_text_transform":"capitalize","align":"left","header_size":"h4"},"elements":[],"isInner":false,"widgetType":"heading","elType":"widget"},{"id":"6b5f565d","settings":{"title":"Our Strong Points","title_color":"#3d4459","typography_typography":"custom","typography_font_family":"Varela Round","typography_font_size":{"unit":"px","size":"50","sizes":[]},"typography_font_weight":"300","typography_line_height":{"unit":"em","size":"1.2","sizes":[]},"align_mobile":"center","typography_font_size_tablet":{"unit":"px","size":"35","sizes":[]},"typography_font_size_mobile":{"unit":"px","size":"28","sizes":[]},"typography_text_transform":"capitalize","align_tablet":"left","motion_fx_motion_fx_scrolling":"yes","motion_fx_translateY_effect":"yes","motion_fx_translateY_speed":{"unit":"px","size":"0.5","sizes":[]},"motion_fx_translateY_affectedRange":{"unit":"%","size":"","sizes":{"start":"0","end":"50"}},"motion_fx_opacity_effect":"yes","motion_fx_opacity_range":{"unit":"%","size":"","sizes":{"start":"0","end":"50"}},"_margin":{"unit":"px","top":"-15","right":"0","bottom":"0","left":"0","isLinked":""}},"elements":[],"isInner":false,"widgetType":"heading","elType":"widget"},{"id":"7a215d1f","settings":{"editor":"<p>Lorem ipsum dolor sit amet, conse the all ctetur adipiscing elit. Quisque rhoncus nisi sed suscipit cursus. Donec porta metus porta, ullamcorper libero ut, viverra olla augue. Maecenas consequat, dolor eget pharetra all imperdiet, dolor urna luctus urna, id porta tellus leo.<\/p>","text_color":"#3d4459","typography_typography":"custom","typography_font_family":"Montserrat","typography_font_weight":"200","align_mobile":"center","typography_font_size":{"unit":"px","size":"16","sizes":[]},"typography_line_height":{"unit":"em","size":"1.4","sizes":[]}},"elements":[],"isInner":false,"widgetType":"text-editor","elType":"widget"}],"isInner":"","elType":"column"},{"id":"1657bae6","settings":{"_column_size":"50","space_between_widgets":"10","padding":{"unit":"px","top":"30","right":"30","bottom":"30","left":"30","isLinked":"1"},"_title":"Progress Column"},"elements":[{"id":"672f8d98","settings":{"title":"Facebook","percent":{"unit":"%","size":"92","sizes":[]},"inner_text":"","bar_color":"#4632da","bar_bg_color":"#f2f2f2","bar_height":{"unit":"px","size":"30","sizes":[]},"bar_border_radius":{"unit":"px","size":"100","sizes":[]},"bar_inline_color":"#ffffff","bar_inner_typography_typography":"custom","bar_inner_typography_font_family":"Montserrat","bar_inner_typography_font_size":{"unit":"px","size":"14","sizes":[]},"title_color":"#3d4459","typography_typography":"custom","typography_font_family":"Varela Round","typography_font_size":{"unit":"px","size":"16","sizes":[]},"typography_line_height":{"unit":"em","size":"2","sizes":[]}},"elements":[],"isInner":false,"widgetType":"progress","elType":"widget"},{"id":"1eff0478","settings":{"title":"Instagram","percent":{"unit":"%","size":"89","sizes":[]},"inner_text":"","bar_color":"#4632da","bar_bg_color":"#f2f2f2","bar_height":{"unit":"px","size":"30","sizes":[]},"bar_border_radius":{"unit":"px","size":"100","sizes":[]},"bar_inline_color":"#ffffff","bar_inner_typography_typography":"custom","bar_inner_typography_font_family":"Montserrat","bar_inner_typography_font_size":{"unit":"px","size":"14","sizes":[]},"title_color":"#3d4459","typography_typography":"custom","typography_font_family":"Varela Round","typography_font_size":{"unit":"px","size":"16","sizes":[]},"typography_line_height":{"unit":"em","size":"2","sizes":[]}},"elements":[],"isInner":false,"widgetType":"progress","elType":"widget"},{"id":"4ee5208b","settings":{"title":"Linkedin","percent":{"unit":"%","size":"95","sizes":[]},"inner_text":"","bar_color":"#4632da","bar_bg_color":"#f2f2f2","bar_height":{"unit":"px","size":"30","sizes":[]},"bar_border_radius":{"unit":"px","size":"100","sizes":[]},"bar_inline_color":"#ffffff","bar_inner_typography_typography":"custom","bar_inner_typography_font_family":"Montserrat","bar_inner_typography_font_size":{"unit":"px","size":"14","sizes":[]},"title_color":"#3d4459","typography_typography":"custom","typography_font_family":"Varela Round","typography_font_size":{"unit":"px","size":"16","sizes":[]},"typography_line_height":{"unit":"em","size":"2","sizes":[]}},"elements":[],"isInner":false,"widgetType":"progress","elType":"widget"},{"id":"2f564bf9","settings":{"title":"YouTube","percent":{"unit":"%","size":"98","sizes":[]},"inner_text":"","bar_color":"#4632da","bar_bg_color":"#f2f2f2","bar_height":{"unit":"px","size":"30","sizes":[]},"bar_border_radius":{"unit":"px","size":"100","sizes":[]},"bar_inline_color":"#ffffff","bar_inner_typography_typography":"custom","bar_inner_typography_font_family":"Montserrat","bar_inner_typography_font_size":{"unit":"px","size":"14","sizes":[]},"title_color":"#3d4459","typography_typography":"custom","typography_font_family":"Varela Round","typography_font_size":{"unit":"px","size":"16","sizes":[]},"typography_line_height":{"unit":"em","size":"2","sizes":[]}},"elements":[],"isInner":false,"widgetType":"progress","elType":"widget"}],"isInner":"","elType":"column"}],"isInner":"","elType":"section"},{"id":"34b0f6a9","settings":{"content_width":{"unit":"px","size":"1200","sizes":[]},"structure":"20","background_background":"classic","background_overlay_background":"classic","background_overlay_position":"center center","background_overlay_repeat":"no-repeat","background_overlay_size":"cover","background_overlay_opacity":{"unit":"px","size":"1","sizes":[]},"css_filters_saturate":{"unit":"px","size":"200","sizes":[]},"css_filters_hue":{"unit":"px","size":"360","sizes":[]},"padding":{"unit":"%","top":"5","right":"0","bottom":"7","left":"0","isLinked":""},"_title":"Customized\u00a0 Strategy\u200b","background_overlay_image":{"id":"539","url":"https:\/\/library.elementor.com\/wp-content\/uploads\/2019\/07\/BG-Join-Clients.png"},"css_filters_css_filter":"custom","margin":{"unit":"px","top":"150","right":"0","bottom":"150","left":"0","isLinked":""},"margin_tablet":{"unit":"%","top":"5","right":"0","bottom":"5","left":"0","isLinked":""},"padding_tablet":{"unit":"%","top":"10","right":"5","bottom":"0","left":"5","isLinked":""},"padding_mobile":{"unit":"%","top":"25","right":"5","bottom":"0","left":"5","isLinked":""},"reverse_order_mobile":"reverse-mobile","height":"min-height","custom_height":{"unit":"px","size":"830","sizes":[]},"_timestamp_":"v1cDhTNkl3ZlQ3TFF5ZHIrMm5pK0MvZz09"},"elements":[{"id":"5d950a03","settings":{"_column_size":"50","_inline_size":"60","content_position":"center","_inline_size_tablet":"50","_title":"Images Column","margin_mobile":{"unit":"px","top":"50","right":"0","bottom":"0","left":"0","isLinked":""}},"elements":[{"id":"3edacfee","settings":{"image":{"id":"537","url":"https:\/\/library.elementor.com\/wp-content\/uploads\/2019\/07\/Bitmap-Copy-6.png"},"image_size":"full","image_border_radius":{"unit":"px","top":"300","right":"100","bottom":"100","left":"100","isLinked":""},"image_box_shadow_box_shadow_type":"yes","image_box_shadow_box_shadow":{"horizontal":"0","vertical":"0","blur":"30","spread":"0","color":"rgba(0,0,0,0.12)"},"_margin":{"unit":"%","top":"0","right":"0","bottom":"3","left":"0","isLinked":""},"_element_custom_width":{"unit":"px","size":"540","sizes":[]},"_offset_x":{"size":"0","unit":"px"},"_offset_y":{"size":"0","unit":"px"},"_margin_tablet":{"unit":"%","top":"","right":"","bottom":"","left":"","isLinked":"1"},"_margin_mobile":{"unit":"%","top":"","right":"","bottom":"","left":"","isLinked":"1"},"align":"right","width":{"unit":"%","size":"45","sizes":[]},"align_tablet":"right","align_mobile":"right","width_mobile":{"unit":"%","size":"55","sizes":[]},"width_tablet":{"unit":"%","size":"65","sizes":[]},"motion_fx_motion_fx_scrolling":"yes","motion_fx_translateY_effect":"yes","motion_fx_translateY_direction":"negative","motion_fx_translateY_speed":{"unit":"px","size":"0.6","sizes":[]},"motion_fx_devices":["desktop"]},"elements":[],"isInner":false,"widgetType":"image","elType":"widget"},{"id":"20b4c717","settings":{"image":{"id":"538","url":"https:\/\/library.elementor.com\/wp-content\/uploads\/2019\/07\/pic-copy-2.png"},"image_size":"full","image_border_radius":{"unit":"px","top":"100","right":"100","bottom":"300","left":"100","isLinked":""},"image_box_shadow_box_shadow_type":"yes","image_box_shadow_box_shadow":{"horizontal":"0","vertical":"0","blur":"30","spread":"0","color":"rgba(0,0,0,0.12)"},"_margin":{"unit":"%","top":"-15","right":"0","bottom":"0","left":"0","isLinked":""},"_element_custom_width":{"unit":"px","size":"540","sizes":[]},"_offset_x":{"size":"0","unit":"px"},"_offset_y":{"size":"0","unit":"px"},"_margin_tablet":{"unit":"%","top":"","right":"","bottom":"","left":"","isLinked":"1"},"_margin_mobile":{"unit":"%","top":"","right":"","bottom":"","left":"","isLinked":"1"},"align":"left","width":{"unit":"%","size":"75","sizes":[]},"align_tablet":"left","align_mobile":"left","width_tablet":{"unit":"%","size":"90","sizes":[]},"width_mobile":{"unit":"%","size":"82","sizes":[]},"motion_fx_motion_fx_scrolling":"yes","motion_fx_translateY_effect":"yes","motion_fx_translateY_speed":{"unit":"px","size":"0.7","sizes":[]},"motion_fx_devices":["desktop"]},"elements":[],"isInner":false,"widgetType":"image","elType":"widget"}],"isInner":"","elType":"column"},{"id":"2fb24b3","settings":{"_column_size":"50","_inline_size":"40","content_position":"center","padding":{"unit":"%","top":"0","right":"10","bottom":"0","left":"15","isLinked":""},"padding_tablet":{"unit":"%","top":"0","right":"0","bottom":"0","left":"7","isLinked":""},"padding_mobile":{"unit":"%","top":"5","right":"5","bottom":"5","left":"5","isLinked":"1"},"_inline_size_tablet":"50","_title":"Content Column"},"elements":[{"id":"d01f815","settings":{"title":"Tailor-Made Digital Marketing","title_color":"#00dafc","typography_typography":"custom","typography_font_family":"Montserrat","typography_font_size":{"unit":"px","size":"20","sizes":[]},"typography_font_weight":"300","align_mobile":"center","typography_font_size_mobile":{"unit":"px","size":"18","sizes":[]},"typography_text_transform":"capitalize","align":"left","typography_font_size_tablet":{"unit":"px","size":"16","sizes":[]},"header_size":"h3"},"elements":[],"isInner":false,"widgetType":"heading","elType":"widget"},{"id":"5ff5ca64","settings":{"title":"Customized Social Media Strategy","title_color":"#3d4459","typography_typography":"custom","typography_font_family":"Varela Round","typography_font_size":{"unit":"px","size":"50","sizes":[]},"typography_font_weight":"300","typography_line_height":{"unit":"em","size":"1.2","sizes":[]},"align_mobile":"center","typography_font_size_tablet":{"unit":"px","size":"35","sizes":[]},"typography_font_size_mobile":{"unit":"px","size":"28","sizes":[]},"typography_text_transform":"capitalize","align_tablet":"left","motion_fx_motion_fx_scrolling":"yes","motion_fx_translateY_effect":"yes","motion_fx_translateY_speed":{"unit":"px","size":"0.5","sizes":[]},"motion_fx_translateY_affectedRange":{"unit":"%","size":"","sizes":{"start":"0","end":"50"}},"motion_fx_opacity_effect":"yes","motion_fx_opacity_range":{"unit":"%","size":"","sizes":{"start":"0","end":"50"}}},"elements":[],"isInner":false,"widgetType":"heading","elType":"widget"},{"id":"470db7c2","settings":{"editor":"Lorem ipsum dolor sit amet, consectetur adiop iscing elit, sed do eiusmod tempor inci didunt ult labore et dolore magna aliqua. Elit ullamcorper dignissim cras tincidunt lobortis feugiat. Euismod quis viverra nibh cras pulvinar. In massa tempor nec feugiat nisl pretium.","text_color":"#3d4459","typography_typography":"custom","typography_font_family":"Montserrat","typography_font_weight":"200","align_mobile":"center","typography_font_size":{"unit":"px","size":"16","sizes":[]},"typography_line_height":{"unit":"em","size":"1.4","sizes":[]}},"elements":[],"isInner":false,"widgetType":"text-editor","elType":"widget"},{"id":"76952010","settings":{"editor":"Lorem ipsum dolor sit amet, consectetur adiop iscing elit, sed do eiusmod tempor inci didunt ult labore et dolore magna aliqua. the off ullam or corper dignissim cras tincidunt lobortis feugiat. Euismod quis viverra nibh cras pulvinar. In massa tempor nec feugiat nisl pretium.","text_color":"#3d4459","typography_typography":"custom","typography_font_family":"Montserrat","typography_font_weight":"200","align_mobile":"center","typography_font_size":{"unit":"px","size":"16","sizes":[]},"typography_line_height":{"unit":"em","size":"1.4","sizes":[]}},"elements":[],"isInner":false,"widgetType":"text-editor","elType":"widget"},{"id":"6a15f14d","settings":{"text":"Leran More","link":{"url":"#about","is_external":"","nofollow":""},"size":"md","selected_icon":{"value":"fas fa-arrow-right","library":"fa-solid"},"icon_align":"right","icon_indent":{"unit":"px","size":10,"sizes":[]},"typography_typography":"custom","typography_font_family":"Montserrat","typography_font_size":{"unit":"px","size":15,"sizes":[]},"typography_font_weight":"500","typography_text_transform":"capitalize","button_text_color":"#ffffff","background_color":"#00dafc","button_background_hover_color":"#4632da","border_radius":{"unit":"px","top":"30","right":"30","bottom":"30","left":"30","isLinked":true},"button_box_shadow_box_shadow_type":"yes","button_box_shadow_box_shadow":{"horizontal":0,"vertical":0,"blur":30,"spread":0,"color":"rgba(0,0,0,0.1)"},"align_mobile":"center"},"elements":[],"isInner":false,"widgetType":"button","elType":"widget"}],"isInner":"","elType":"column"}],"isInner":"","elType":"section"},{"id":"6b6a4549","settings":{"content_width":{"unit":"px","size":"1200","sizes":[]},"structure":"30","margin_mobile":{"unit":"px","top":"100","right":"0","bottom":"0","left":"0","isLinked":""},"_title":"Share Knowledge\u200b","_timestamp_":"v1cDhTNkl3ZlQ3TFF5ZHIrMm5pK0MvZz09"},"elements":[{"id":"6800c42c","settings":{"_column_size":"33","_inline_size":"40","content_position":"center","padding":{"unit":"px","top":"10","right":"45","bottom":"10","left":"10","isLinked":""},"_inline_size_tablet":"100","padding_tablet":{"unit":"px","top":"30","right":"100","bottom":"30","left":"100","isLinked":""},"padding_mobile":{"unit":"px","top":"30","right":"30","bottom":"30","left":"30","isLinked":"1"},"_title":"Content Column"},"elements":[{"id":"7a3d642","settings":{"title":"Bespoke Marketing Plans","title_color":"#4632da","typography_typography":"custom","typography_font_family":"Montserrat","typography_font_size":{"unit":"px","size":"20","sizes":[]},"typography_font_weight":"300","align_mobile":"center","typography_font_size_mobile":{"unit":"px","size":"18","sizes":[]},"typography_text_transform":"capitalize","align":"left","typography_font_size_tablet":{"unit":"px","size":"16","sizes":[]},"header_size":"h3","align_tablet":"center"},"elements":[],"isInner":false,"widgetType":"heading","elType":"widget"},{"id":"69a75129","settings":{"title":"We'd love to share our knowledge and experience","title_color":"#3d4459","typography_typography":"custom","typography_font_family":"Varela Round","typography_font_size":{"unit":"px","size":"45","sizes":[]},"typography_font_weight":"300","typography_line_height":{"unit":"em","size":"1.2","sizes":[]},"align_mobile":"center","typography_font_size_tablet":{"unit":"px","size":"35","sizes":[]},"typography_font_size_mobile":{"unit":"px","size":"28","sizes":[]},"typography_text_transform":"capitalize","align_tablet":"center","motion_fx_motion_fx_scrolling":"yes","motion_fx_translateY_effect":"yes","motion_fx_translateY_speed":{"unit":"px","size":"0.5","sizes":[]},"motion_fx_translateY_affectedRange":{"unit":"%","size":"","sizes":{"start":"0","end":"50"}},"motion_fx_opacity_effect":"yes","motion_fx_opacity_range":{"unit":"%","size":"","sizes":{"start":"0","end":"50"}}},"elements":[],"isInner":false,"widgetType":"heading","elType":"widget"},{"id":"45d4c3f3","settings":{"editor":"Maecenas consequat, dolor eget pharetra the all imperdiet, dolor urna luctus urna, id porta tellus leo nec nisl purus risus, vel vestibulum semytu  commo vitae. Fusce vel arcu quam. anyti Nulla euismod a mi euot elentum.","text_color":"#3d4459","typography_typography":"custom","typography_font_family":"Montserrat","typography_font_weight":"200","align_mobile":"center","typography_font_size":{"unit":"px","size":"16","sizes":[]},"typography_line_height":{"unit":"em","size":"1.4","sizes":[]},"align_tablet":"center"},"elements":[],"isInner":false,"widgetType":"text-editor","elType":"widget"},{"id":"629dedfd","settings":{"editor":"Lorem ipsum dolor sit amet, congt the off tetur adipiscing elit. Mauris iaculis nec justo frwac fermen quisque rhoncus nisi sed suscit curus. Donec porta metus porta.","text_color":"#3d4459","typography_typography":"custom","typography_font_family":"Montserrat","typography_font_weight":"200","align_mobile":"center","typography_font_size":{"unit":"px","size":"16","sizes":[]},"typography_line_height":{"unit":"em","size":"1.4","sizes":[]},"align_tablet":"center"},"elements":[],"isInner":false,"widgetType":"text-editor","elType":"widget"}],"isInner":"","elType":"column"},{"id":"79c4ba3e","settings":{"_column_size":"33","_inline_size":"30","background_background":"classic","background_color":"#ffffff","border_radius":{"unit":"px","top":"15","right":"15","bottom":"15","left":"70","isLinked":""},"box_shadow_box_shadow_type":"yes","box_shadow_box_shadow":{"horizontal":"0","vertical":"0","blur":"20","spread":"0","color":"rgba(0,0,0,0.05)"},"margin":{"unit":"px","top":"20","right":"10","bottom":"20","left":"10","isLinked":""},"padding":{"unit":"%","top":"18","right":"12","bottom":"18","left":"12","isLinked":""},"padding_tablet":{"unit":"%","top":"","right":"","bottom":"","left":"","isLinked":"1"},"padding_mobile":{"unit":"%","top":"10","right":"10","bottom":"10","left":"10","isLinked":"1"},"_inline_size_tablet":"50","margin_mobile":{"unit":"px","top":"30","right":"30","bottom":"30","left":"30","isLinked":"1"},"_title":"Features Column"},"elements":[{"id":"1b958114","settings":{"title":"Stay Connected","title_color":"#4632da","typography_typography":"custom","typography_font_family":"Varela Round","typography_font_size":{"unit":"px","size":"20","sizes":[]},"typography_font_weight":"300","align_mobile":"center","typography_font_size_mobile":{"unit":"px","size":"18","sizes":[]},"typography_text_transform":"capitalize","align":"left","typography_font_size_tablet":{"unit":"px","size":"20","sizes":[]},"header_size":"h4"},"elements":[],"isInner":false,"widgetType":"heading","elType":"widget"},{"id":"34763426","settings":{"editor":"Lorem ipsum dolor sittu olrot amet, consectetur adip scing elit. Proin rutrum euis the mod dolor, ultricies aliq luam ekolor.","text_color":"#3d4459","typography_typography":"custom","typography_font_family":"Montserrat","typography_font_weight":"200","align_mobile":"center","typography_font_size":{"unit":"px","size":"16","sizes":[]},"typography_line_height":{"unit":"em","size":"1.4","sizes":[]}},"elements":[],"isInner":false,"widgetType":"text-editor","elType":"widget"},{"id":"5995e5e9","settings":{"icon_list":[{"text":"Lorem ipsum dolor sitrey","selected_icon":{"value":"fas fa-check-circle","library":"fa-solid"},"_id":"2bf4d3a","link":{"url":"","is_external":"","nofollow":""}},{"text":"Lorem ipsum dolor sitrey","selected_icon":{"value":"fas fa-check-circle","library":"fa-solid"},"_id":"9f4ea7e","link":{"url":"","is_external":"","nofollow":""}},{"text":"Lorem ipsum dolor sitrey","selected_icon":{"value":"fas fa-check-circle","library":"fa-solid"},"_id":"c35865c","link":{"url":"","is_external":"","nofollow":""}},{"text":"Lorem ipsum dolor sitrey","selected_icon":{"value":"fas fa-check-circle","library":"fa-solid"},"_id":"713db7f","link":{"url":"","is_external":"","nofollow":""}},{"text":"Lorem ipsum dolor sitrey","selected_icon":{"value":"fas fa-check-circle","library":"fa-solid"},"_id":"8a3a140","link":{"url":"","is_external":"","nofollow":""}}],"space_between":{"unit":"px","size":"10","sizes":[]},"icon_align":"left","icon_color":"#4632da","icon_size":{"unit":"px","size":"15","sizes":[]},"icon_self_align":"left","text_color":"#3d4459","text_indent":{"unit":"px","size":"5","sizes":[]},"icon_typography_typography":"custom","icon_typography_font_family":"Montserrat","icon_typography_font_size":{"unit":"px","size":"16","sizes":[]},"icon_typography_font_weight":"200","_margin":{"unit":"px","top":"30","right":"0","bottom":"0","left":"0","isLinked":""}},"elements":[],"isInner":false,"widgetType":"icon-list","elType":"widget"}],"isInner":"","elType":"column"},{"id":"9817152","settings":{"_column_size":"33","_inline_size":"30","background_background":"classic","background_color":"#ffffff","border_radius":{"unit":"px","top":"15","right":"15","bottom":"15","left":"70","isLinked":""},"box_shadow_box_shadow_type":"yes","box_shadow_box_shadow":{"horizontal":"0","vertical":"0","blur":"20","spread":"0","color":"rgba(0,0,0,0.05)"},"margin":{"unit":"px","top":"20","right":"0","bottom":"20","left":"10","isLinked":""},"padding":{"unit":"%","top":"18","right":"12","bottom":"18","left":"12","isLinked":""},"padding_tablet":{"unit":"%","top":"","right":"","bottom":"","left":"","isLinked":"1"},"padding_mobile":{"unit":"%","top":"10","right":"10","bottom":"10","left":"10","isLinked":"1"},"_inline_size_tablet":"50","margin_mobile":{"unit":"px","top":"30","right":"30","bottom":"30","left":"30","isLinked":"1"},"_title":"Feauters Column"},"elements":[{"id":"540ee622","settings":{"title":"Think Ahead","title_color":"#4632da","typography_typography":"custom","typography_font_family":"Varela Round","typography_font_size":{"unit":"px","size":"20","sizes":[]},"typography_font_weight":"300","align_mobile":"center","typography_font_size_mobile":{"unit":"px","size":"18","sizes":[]},"typography_text_transform":"capitalize","align":"left","typography_font_size_tablet":{"unit":"px","size":"20","sizes":[]},"header_size":"h4"},"elements":[],"isInner":false,"widgetType":"heading","elType":"widget"},{"id":"4e58b630","settings":{"editor":"Lorem ipsum dolor sittu olrot amet, consectetur adip scing elit. Proin rutrum euis the mod dolor, ultricies aliq luam ekolor.","text_color":"#3d4459","typography_typography":"custom","typography_font_family":"Montserrat","typography_font_weight":"200","align_mobile":"center","typography_font_size":{"unit":"px","size":"16","sizes":[]},"typography_line_height":{"unit":"em","size":"1.4","sizes":[]}},"elements":[],"isInner":false,"widgetType":"text-editor","elType":"widget"},{"id":"4600396f","settings":{"icon_list":[{"text":"Lorem ipsum dolor sitrey","selected_icon":{"value":"fas fa-check-circle","library":"fa-solid"},"_id":"2bf4d3a","link":{"url":"","is_external":"","nofollow":""}},{"text":"Lorem ipsum dolor sitrey","selected_icon":{"value":"fas fa-check-circle","library":"fa-solid"},"_id":"9f4ea7e","link":{"url":"","is_external":"","nofollow":""}},{"text":"Lorem ipsum dolor sitrey","selected_icon":{"value":"fas fa-check-circle","library":"fa-solid"},"_id":"c35865c","link":{"url":"","is_external":"","nofollow":""}},{"text":"Lorem ipsum dolor sitrey","selected_icon":{"value":"fas fa-check-circle","library":"fa-solid"},"_id":"713db7f","link":{"url":"","is_external":"","nofollow":""}},{"text":"Lorem ipsum dolor sitrey","selected_icon":{"value":"fas fa-check-circle","library":"fa-solid"},"_id":"8a3a140","link":{"url":"","is_external":"","nofollow":""}}],"space_between":{"unit":"px","size":"10","sizes":[]},"icon_align":"left","icon_color":"#4632da","icon_size":{"unit":"px","size":"15","sizes":[]},"icon_self_align":"left","text_color":"#3d4459","text_indent":{"unit":"px","size":"5","sizes":[]},"icon_typography_typography":"custom","icon_typography_font_family":"Montserrat","icon_typography_font_size":{"unit":"px","size":"16","sizes":[]},"icon_typography_font_weight":"200","_margin":{"unit":"px","top":"30","right":"0","bottom":"0","left":"0","isLinked":""}},"elements":[],"isInner":false,"widgetType":"icon-list","elType":"widget"}],"isInner":"","elType":"column"}],"isInner":"","elType":"section"},{"id":"6741ed5c","settings":{"content_width":{"unit":"px","size":"1200","sizes":[]},"margin":{"unit":"px","top":"100","right":"0","bottom":"0","left":"0","isLinked":""},"margin_tablet":{"unit":"px","top":"150","right":"0","bottom":"0","left":"0","isLinked":""},"margin_mobile":{"unit":"px","top":"100","right":"0","bottom":"0","left":"0","isLinked":""},"_title":"More Services","background_background":"classic","background_overlay_background":"classic","background_overlay_image":{"id":"540","url":"https:\/\/library.elementor.com\/wp-content\/uploads\/2019\/07\/BG-more-Services.png"},"background_overlay_position":"top right","background_overlay_repeat":"no-repeat","background_overlay_opacity":{"unit":"px","size":"1","sizes":[]},"padding":{"unit":"px","top":"150","right":"0","bottom":"300","left":"0","isLinked":""},"padding_mobile":{"unit":"px","top":"0","right":"0","bottom":"0","left":"0","isLinked":""},"padding_tablet":{"unit":"px","top":"100","right":"0","bottom":"150","left":"0","isLinked":""},"_timestamp_":"v1cDhTNkl3ZlQ3TFF5ZHIrMm5pK0MvZz09"},"elements":[{"id":"16dc158","settings":{"_column_size":"100"},"elements":[{"id":"5e9f0e2b","settings":{"title":"We Solve Real Problems","title_color":"#3d4459","typography_typography":"custom","typography_font_family":"Montserrat","typography_font_size":{"unit":"px","size":"20","sizes":[]},"typography_font_weight":"300","align_mobile":"center","typography_font_size_mobile":{"unit":"px","size":"18","sizes":[]},"typography_text_transform":"capitalize","header_size":"h3","align":"center"},"elements":[],"isInner":false,"widgetType":"heading","elType":"widget"},{"id":"3abf2f57","settings":{"title":"what can we do for you?","title_color":"#4632da","typography_typography":"custom","typography_font_family":"Varela Round","typography_font_size":{"unit":"px","size":"45","sizes":[]},"typography_font_weight":"300","typography_line_height":{"unit":"em","size":"1.2","sizes":[]},"align_mobile":"center","typography_font_size_tablet":{"unit":"px","size":"35","sizes":[]},"typography_font_size_mobile":{"unit":"px","size":"30","sizes":[]},"typography_text_transform":"capitalize","motion_fx_motion_fx_scrolling":"yes","motion_fx_translateY_effect":"yes","motion_fx_translateY_speed":{"unit":"px","size":"0.5","sizes":[]},"motion_fx_translateY_affectedRange":{"unit":"%","size":"","sizes":{"start":"0","end":"50"}},"motion_fx_opacity_effect":"yes","motion_fx_opacity_range":{"unit":"%","size":"","sizes":{"start":"0","end":"50"}},"align":"center","_padding_mobile":{"unit":"px","top":"0","right":"50","bottom":"0","left":"50","isLinked":""}},"elements":[],"isInner":false,"widgetType":"heading","elType":"widget"},{"id":"72ab6b48","settings":{"content_width":{"unit":"px","size":"1200","sizes":[]},"structure":"30","margin":{"unit":"px","top":"50","right":"0","bottom":"50","left":"0","isLinked":""},"margin_tablet":{"unit":"%","top":"5","right":"0","bottom":"0","left":"0","isLinked":""},"margin_mobile":{"unit":"%","top":"10","right":"0","bottom":"0","left":"0","isLinked":""},"padding_tablet":{"unit":"%","top":"","right":"","bottom":"","left":"","isLinked":"1"},"motion_fx_motion_fx_scrolling":"yes","motion_fx_translateY_effect":"yes","motion_fx_translateY_speed":{"unit":"px","size":"1","sizes":[]},"motion_fx_translateY_affectedRange":{"unit":"%","size":"","sizes":{"start":"0","end":"50"}},"motion_fx_opacity_effect":"yes","motion_fx_opacity_range":{"unit":"%","size":"","sizes":{"start":"0","end":"50"}},"motion_fx_devices":["desktop","tablet"],"padding_mobile":{"unit":"%","top":"0","right":"2","bottom":"0","left":"2","isLinked":""}},"elements":[{"id":"7adaa80b","settings":{"_column_size":"33","background_background":"classic","background_color":"#ffffff","border_radius":{"unit":"px","top":"15","right":"15","bottom":"15","left":"70","isLinked":""},"box_shadow_box_shadow_type":"yes","box_shadow_box_shadow":{"horizontal":"0","vertical":"0","blur":"20","spread":"0","color":"rgba(0,0,0,0.05)"},"margin":{"unit":"%","top":"3","right":"3","bottom":"3","left":"3","isLinked":"1"},"padding":{"unit":"%","top":"14","right":"14","bottom":"14","left":"14","isLinked":"1"},"padding_tablet":{"unit":"%","top":"","right":"","bottom":"","left":"","isLinked":"1"},"padding_mobile":{"unit":"%","top":"10","right":"10","bottom":"10","left":"10","isLinked":"1"},"_title":"Column Service 1"},"elements":[{"id":"70d01d4b","settings":{"image":{"id":"462","url":"https:\/\/library.elementor.com\/wp-content\/uploads\/2019\/07\/Group-11-Copy.png"},"title_text":"Social Media\u200b\u200b","description_text":"Lorem ipsum dolor sit orot amet, cons ctetur atrd piing elit.\u200b","image_size":{"unit":"%","size":"25","sizes":[]},"text_align":"left","text_align_mobile":"center","title_color":"#3d4459","title_typography_typography":"custom","title_typography_font_family":"Varela Round","title_typography_font_size":{"unit":"px","size":"20","sizes":[]},"title_typography_font_weight":"400","title_typography_text_transform":"capitalize","description_color":"#3d4459","description_typography_typography":"custom","description_typography_font_family":"Montserrat","description_typography_font_size":{"unit":"px","size":"16","sizes":[]},"description_typography_font_size_tablet":{"unit":"px","size":"15","sizes":[]},"description_typography_font_weight":"300","description_typography_line_height":{"unit":"em","size":"1.4","sizes":[]}},"elements":[],"isInner":false,"widgetType":"image-box","elType":"widget"},{"id":"5a03d649","settings":{"text":"Learn More","align":"left","align_mobile":"center","icon":"fa fa-arrow-right","icon_align":"right","icon_indent":{"unit":"px","size":"10","sizes":[]},"typography_typography":"custom","typography_font_family":"Montserrat","typography_font_size":{"unit":"px","size":"15","sizes":[]},"button_text_color":"#4632da","background_color":"rgba(255,255,255,0)","text_padding":{"unit":"px","top":"0","right":"0","bottom":"0","left":"0","isLinked":"1"},"hover_animation":"grow","selected_icon":{"value":"fas fa-arrow-right","library":"fa-solid"}},"elements":[],"isInner":false,"widgetType":"button","elType":"widget"}],"isInner":"1","elType":"column"},{"id":"8e75ab2","settings":{"_column_size":"33","background_background":"classic","background_color":"#ffffff","border_radius":{"unit":"px","top":"15","right":"15","bottom":"15","left":"70","isLinked":""},"box_shadow_box_shadow_type":"yes","box_shadow_box_shadow":{"horizontal":"0","vertical":"0","blur":"20","spread":"0","color":"rgba(0,0,0,0.05)"},"margin":{"unit":"%","top":"3","right":"3","bottom":"3","left":"3","isLinked":"1"},"padding":{"unit":"%","top":"14","right":"14","bottom":"14","left":"14","isLinked":"1"},"padding_mobile":{"unit":"%","top":"10","right":"10","bottom":"10","left":"10","isLinked":"1"},"_title":"Column Service 2"},"elements":[{"id":"22017d8a","settings":{"image":{"id":"463","url":"https:\/\/library.elementor.com\/wp-content\/uploads\/2019\/07\/Group-13-Copy.png"},"title_text":"SEO","description_text":"Lorem ipsum dolor sit orot amet, cons ctetur atrd piing elit.\u200b","image_size":{"unit":"%","size":"25","sizes":[]},"text_align":"left","text_align_mobile":"center","title_color":"#3d4459","title_typography_typography":"custom","title_typography_font_family":"Varela Round","title_typography_font_size":{"unit":"px","size":"20","sizes":[]},"title_typography_font_weight":"400","title_typography_text_transform":"capitalize","description_color":"#3d4459","description_typography_typography":"custom","description_typography_font_family":"Montserrat","description_typography_font_size":{"unit":"px","size":"16","sizes":[]},"description_typography_font_size_tablet":{"unit":"px","size":"15","sizes":[]},"description_typography_font_weight":"300","description_typography_line_height":{"unit":"em","size":"1.4","sizes":[]}},"elements":[],"isInner":false,"widgetType":"image-box","elType":"widget"},{"id":"2feab697","settings":{"text":"Learn More","align":"left","align_mobile":"center","icon":"fa fa-arrow-right","icon_align":"right","icon_indent":{"unit":"px","size":"10","sizes":[]},"typography_typography":"custom","typography_font_family":"Montserrat","typography_font_size":{"unit":"px","size":"15","sizes":[]},"button_text_color":"#4632da","background_color":"rgba(255,255,255,0)","text_padding":{"unit":"px","top":"0","right":"0","bottom":"0","left":"0","isLinked":"1"},"hover_animation":"grow","selected_icon":{"value":"fas fa-arrow-right","library":"fa-solid"}},"elements":[],"isInner":false,"widgetType":"button","elType":"widget"}],"isInner":"1","elType":"column"},{"id":"550a4018","settings":{"_column_size":"33","background_background":"classic","background_color":"#ffffff","border_radius":{"unit":"px","top":"15","right":"15","bottom":"15","left":"70","isLinked":""},"box_shadow_box_shadow_type":"yes","box_shadow_box_shadow":{"horizontal":"0","vertical":"0","blur":"20","spread":"0","color":"rgba(0,0,0,0.05)"},"margin":{"unit":"%","top":"3","right":"3","bottom":"3","left":"3","isLinked":"1"},"padding":{"unit":"%","top":"14","right":"14","bottom":"14","left":"14","isLinked":"1"},"padding_mobile":{"unit":"%","top":"10","right":"10","bottom":"10","left":"10","isLinked":"1"},"_title":"Column Service 3"},"elements":[{"id":"6868ff09","settings":{"image":{"id":"464","url":"https:\/\/library.elementor.com\/wp-content\/uploads\/2019\/07\/Group-17.png"},"title_text":"PPC","description_text":"Lorem ipsum dolor sit orot amet, cons ctetur atrd piing elit.\u200b","image_size":{"unit":"%","size":"25","sizes":[]},"text_align":"left","text_align_mobile":"center","title_color":"#3d4459","title_typography_typography":"custom","title_typography_font_family":"Varela Round","title_typography_font_size":{"unit":"px","size":"20","sizes":[]},"title_typography_font_weight":"400","title_typography_text_transform":"capitalize","description_color":"#3d4459","description_typography_typography":"custom","description_typography_font_family":"Montserrat","description_typography_font_size":{"unit":"px","size":"16","sizes":[]},"description_typography_font_size_tablet":{"unit":"px","size":"15","sizes":[]},"description_typography_font_weight":"300","description_typography_line_height":{"unit":"em","size":"1.4","sizes":[]}},"elements":[],"isInner":false,"widgetType":"image-box","elType":"widget"},{"id":"79ed6bf9","settings":{"text":"Learn More","align":"left","align_mobile":"center","icon":"fa fa-arrow-right","icon_align":"right","icon_indent":{"unit":"px","size":"10","sizes":[]},"typography_typography":"custom","typography_font_family":"Montserrat","typography_font_size":{"unit":"px","size":"15","sizes":[]},"button_text_color":"#4632da","background_color":"rgba(255,255,255,0)","text_padding":{"unit":"px","top":"0","right":"0","bottom":"0","left":"0","isLinked":"1"},"hover_animation":"grow","selected_icon":{"value":"fas fa-arrow-right","library":"fa-solid"}},"elements":[],"isInner":false,"widgetType":"button","elType":"widget"}],"isInner":"1","elType":"column"}],"isInner":"1","elType":"section"},{"id":"20dbf9ba","settings":{"text":"More Services","link":{"url":"#about","is_external":"","nofollow":""},"align":"center","size":"md","selected_icon":{"value":"fas fa-arrow-right","library":"fa-solid"},"icon_align":"right","icon_indent":{"unit":"px","size":10,"sizes":[]},"typography_typography":"custom","typography_font_family":"Montserrat","typography_font_size":{"unit":"px","size":15,"sizes":[]},"typography_font_weight":"500","typography_text_transform":"capitalize","button_text_color":"#ffffff","background_color":"#4632da","button_background_hover_color":"#00dafc","border_radius":{"unit":"px","top":"30","right":"30","bottom":"30","left":"30","isLinked":true},"button_box_shadow_box_shadow_type":"yes","button_box_shadow_box_shadow":{"horizontal":0,"vertical":0,"blur":30,"spread":0,"color":"rgba(0,0,0,0.1)"},"_margin_tablet":{"unit":"px","top":"20","right":"0","bottom":"0","left":"0","isLinked":false}},"elements":[],"isInner":false,"widgetType":"button","elType":"widget"}],"isInner":"","elType":"column"}],"isInner":"","elType":"section"},{"id":"1aba73b5","settings":{"content_width":{"unit":"px","size":"1200","sizes":[]},"custom_height":{"unit":"px","size":"665","sizes":[]},"structure":"20","background_background":"gradient","background_color":"#0700dd","background_color_b":"#00f2ff","background_color_b_stop":{"unit":"%","size":"89","sizes":[]},"background_gradient_angle":{"unit":"deg","size":"130","sizes":[]},"background_overlay_background":"classic","background_overlay_image":{"id":"485","url":"https:\/\/library.elementor.com\/wp-content\/uploads\/2019\/07\/CTA-Shapes.png"},"background_overlay_position":"center center","background_overlay_position_tablet":"center left","background_overlay_xpos":{"unit":"px","size":"-133","sizes":[]},"background_overlay_ypos":{"unit":"px","size":"-89","sizes":[]},"background_overlay_repeat":"no-repeat","background_overlay_size":"cover","background_overlay_opacity":{"unit":"px","size":"0.15","sizes":[]},"shape_divider_top":"waves","shape_divider_top_width":{"unit":"%","size":"230","sizes":[]},"shape_divider_top_height":{"unit":"px","size":"100","sizes":[]},"shape_divider_top_height_tablet":{"unit":"px","size":"70","sizes":[]},"shape_divider_top_flip":"yes","shape_divider_bottom_width":{"unit":"%","size":"260","sizes":[]},"shape_divider_bottom_height":{"unit":"px","size":"120","sizes":[]},"shape_divider_bottom_flip":"yes","padding":{"unit":"px","top":"0","right":"0","bottom":"50","left":"0","isLinked":""},"padding_tablet":{"unit":"%","top":"5","right":"5","bottom":"5","left":"5","isLinked":""},"padding_mobile":{"unit":"%","top":"15","right":"5","bottom":"5","left":"5","isLinked":""},"_title":"CTA","margin_mobile":{"unit":"px","top":"0100","right":"0","bottom":"0","left":"0","isLinked":""},"margin":{"unit":"px","top":"50","right":"0","bottom":"0","left":"0","isLinked":""},"margin_tablet":{"unit":"px","top":"","right":"0","bottom":"","left":"0","isLinked":"1"},"_timestamp_":"v1cDhTNkl3ZlQ3TFF5ZHIrMm5pK0MvZz09"},"elements":[{"id":"e7af912","settings":{"_column_size":"50","content_position":"center","padding":{"unit":"px","top":"50","right":"30","bottom":"0","left":"0","isLinked":""},"padding_mobile":{"unit":"%","top":"5","right":"5","bottom":"5","left":"5","isLinked":"1"},"padding_tablet":{"unit":"px","top":"0","right":"0","bottom":"0","left":"0","isLinked":"1"},"_title":"Content Column"},"elements":[{"id":"6950cab9","settings":{"title":"Want To Boost Your Business Today?","title_color":"#ffffff","typography_typography":"custom","typography_font_family":"Varela Round","typography_font_size":{"unit":"px","size":"45","sizes":[]},"typography_font_weight":"300","typography_line_height":{"unit":"em","size":"1.2","sizes":[]},"align":"left","align_mobile":"center","typography_font_size_tablet":{"unit":"px","size":"34","sizes":[]},"typography_font_size_mobile":{"unit":"px","size":"28","sizes":[]},"typography_text_transform":"capitalize","header_size":"h4"},"elements":[],"isInner":false,"widgetType":"heading","elType":"widget"},{"id":"57750d16","settings":{"title":"drop us a line and keep in touch","title_color":"#ffffff","typography_typography":"custom","typography_font_family":"Montserrat","typography_font_size":{"unit":"px","size":"20","sizes":[]},"typography_font_weight":"400","align":"left","align_mobile":"center","typography_text_transform":"capitalize"},"elements":[],"isInner":false,"widgetType":"heading","elType":"widget"},{"id":"26494732","settings":{"text":"Contact Us","link":{"url":"#about","is_external":"","nofollow":""},"size":"md","selected_icon":{"value":"fas fa-arrow-right","library":"fa-solid"},"icon_align":"right","icon_indent":{"unit":"px","size":10,"sizes":[]},"typography_typography":"custom","typography_font_family":"Montserrat","typography_font_size":{"unit":"px","size":15,"sizes":[]},"typography_font_weight":"500","typography_text_transform":"capitalize","button_text_color":"#00dafc","background_color":"#ffffff","hover_color":"#ffffff","button_background_hover_color":"#00dafc","border_radius":{"unit":"px","top":"30","right":"30","bottom":"30","left":"30","isLinked":true},"button_box_shadow_box_shadow_type":"yes","button_box_shadow_box_shadow":{"horizontal":0,"vertical":0,"blur":30,"spread":0,"color":"rgba(0,0,0,0.1)"},"_margin":{"unit":"px","top":"50","right":"0","bottom":"0","left":"0","isLinked":false},"align_mobile":"center","_margin_tablet":{"unit":"px","top":"20","right":"0","bottom":"0","left":"0","isLinked":false}},"elements":[],"isInner":false,"widgetType":"button","elType":"widget"}],"isInner":"","elType":"column"},{"id":"2756f879","settings":{"_column_size":"50","padding_tablet":{"unit":"px","top":"0","right":"0","bottom":"0","left":"020","isLinked":""},"padding":{"unit":"px","top":"0","right":"0","bottom":"0","left":"0","isLinked":"1"},"_title":"Image Column"},"elements":[{"id":"66ffa2c7","settings":{"image":{"id":"541","url":"https:\/\/library.elementor.com\/wp-content\/uploads\/2019\/07\/Bitmap-Copy-3.png"},"image_size":"full","image_border_radius":{"unit":"px","top":"300","right":"100","bottom":"100","left":"100","isLinked":""},"image_box_shadow_box_shadow_type":"yes","image_box_shadow_box_shadow":{"horizontal":"0","vertical":"0","blur":"30","spread":"0","color":"rgba(0,0,0,0.12)"},"_margin":{"unit":"%","top":"-10","right":"0","bottom":"0","left":"0","isLinked":""},"_element_custom_width":{"unit":"px","size":"540","sizes":[]},"_offset_x":{"size":"0","unit":"px"},"_offset_y":{"size":"0","unit":"px"},"_margin_tablet":{"unit":"%","top":"-16","right":"0","bottom":"0","left":"0","isLinked":""},"_margin_mobile":{"unit":"%","top":"20","right":"0","bottom":"-15","left":"0","isLinked":""},"align":"right","motion_fx_motion_fx_scrolling":"yes","motion_fx_translateY_effect":"yes","motion_fx_translateY_direction":"negative","motion_fx_translateY_speed":{"unit":"px","size":"1","sizes":[]},"motion_fx_devices":["desktop","tablet"],"motion_fx_translateY_affectedRange":{"unit":"%","size":"","sizes":{"start":"0","end":"50"}}},"elements":[],"isInner":false,"widgetType":"image","elType":"widget"}],"isInner":"","elType":"column"}],"isInner":"","elType":"section"}]}