{"version":"0.4","title":"Digital Agency &#8211; Services &#8211; page","type":"page","content":[{"id":"651bfd10","settings":{"content_width":{"unit":"px","size":"1200","sizes":[]},"height":"min-height","custom_height":{"unit":"px","size":"500","sizes":[]},"background_background":"gradient","background_color":"#0700dd","background_color_b":"#00f2ff","background_color_b_stop":{"unit":"%","size":"89","sizes":[]},"background_gradient_angle":{"unit":"deg","size":"130","sizes":[]},"background_overlay_background":"classic","background_overlay_image":{"id":"519","url":"https:\/\/library.elementor.com\/wp-content\/uploads\/2019\/07\/Bg-Services-Hero-New.png"},"background_overlay_position":"center center","background_overlay_xpos":{"unit":"px","size":"-133","sizes":[]},"background_overlay_ypos":{"unit":"px","size":"-89","sizes":[]},"background_overlay_repeat":"no-repeat","background_overlay_size":"cover","background_overlay_opacity":{"unit":"px","size":"0.15","sizes":[]},"shape_divider_bottom":"waves","shape_divider_bottom_width":{"unit":"%","size":"260","sizes":[]},"shape_divider_bottom_height":{"unit":"px","size":"120","sizes":[]},"shape_divider_bottom_flip":"yes","custom_height_tablet":{"unit":"px","size":"350","sizes":[]},"shape_divider_bottom_height_tablet":{"unit":"px","size":"195","sizes":[]},"margin":{"unit":"px","top":"","right":"0","bottom":"","left":"0","isLinked":"1"},"margin_mobile":{"unit":"%","top":"","right":"0","bottom":"","left":"0","isLinked":"1"},"padding_tablet":{"unit":"%","top":"0","right":"5","bottom":"0","left":"5","isLinked":""},"padding_mobile":{"unit":"%","top":"10","right":"5","bottom":"0","left":"5","isLinked":""},"_title":"Hero","custom_height_mobile":{"unit":"px","size":"280","sizes":[]},"background_overlay_position_tablet":"bottom left","background_overlay_position_mobile":"center right","background_overlay_xpos_mobile":{"unit":"px","size":"-391","sizes":[]},"shape_divider_bottom_height_mobile":{"unit":"px","size":"50","sizes":[]},"_timestamp_":"v1cDhTNkl3ZlQ3TFF5ZHIrMm5pK0MvZz09"},"elements":[{"id":"27137222","settings":{"_column_size":"100","padding_tablet":{"unit":"px","top":"5","right":"5","bottom":"5","left":"5","isLinked":"1"},"content_position":"center"},"elements":[{"id":"1314cf16","settings":{"title":"Our Services","title_color":"#ffffff","typography_typography":"custom","typography_font_family":"Varela Round","typography_font_size":{"unit":"px","size":"60","sizes":[]},"typography_font_weight":"300","typography_line_height":{"unit":"em","size":"1.2","sizes":[]},"align_mobile":"center","typography_font_size_tablet":{"unit":"px","size":"40","sizes":[]},"typography_font_size_mobile":{"unit":"px","size":"30","sizes":[]},"typography_text_transform":"capitalize","align":"center","header_size":"h1"},"elements":[],"isInner":false,"widgetType":"heading","elType":"widget"},{"id":"1359dfb6","settings":{"title":"Just Say the Word, We Can Do it all!","title_color":"#ffffff","typography_typography":"custom","typography_font_family":"Montserrat","typography_font_size":{"unit":"px","size":"20","sizes":[]},"typography_font_weight":"300","align_mobile":"center","typography_font_size_mobile":{"unit":"px","size":"18","sizes":[]},"typography_text_transform":"capitalize","align":"center","header_size":"h3"},"elements":[],"isInner":false,"widgetType":"heading","elType":"widget"},{"id":"73b0bca8","settings":{"text":"","size":"md","selected_icon":{"value":"fas fa-envelope","library":"fa-solid"},"icon_align":"right","typography_typography":"custom","typography_font_family":"Montserrat","typography_font_size":{"unit":"px","size":22,"sizes":[]},"typography_font_weight":"500","typography_text_transform":"capitalize","button_text_color":"#ffffff","background_color":"#4632da","button_background_hover_color":"#00dafc","border_radius":{"unit":"px","top":"200","right":"200","bottom":"200","left":"200","isLinked":true},"button_box_shadow_box_shadow_type":"yes","button_box_shadow_box_shadow":{"horizontal":0,"vertical":0,"blur":25,"spread":0,"color":"rgba(53,56,240,0.35)"},"text_padding":{"unit":"px","top":"25","right":"25","bottom":"0","left":"20","isLinked":false},"_padding":{"unit":"px","top":"0","right":"0","bottom":"50","left":"50","isLinked":false},"_element_width":"initial","_position":"fixed","_offset_x":{"unit":"px","size":-1,"sizes":[]},"_offset_orientation_v":"end","_title":"Popup Button","__dynamic__":{"link":"[elementor-tag id=\"d3619f5\" name=\"popup\" settings=\"%7B%7D\"]"},"_padding_mobile":{"unit":"px","top":"0","right":"0","bottom":"20","left":"20","isLinked":false}},"elements":[],"isInner":false,"widgetType":"button","elType":"widget"}],"isInner":"","elType":"column"}],"isInner":"","elType":"section"},{"id":"5a543de5","settings":{"content_width":{"unit":"px","size":"1200","sizes":[]},"background_background":"classic","background_overlay_background":"classic","background_overlay_position":"bottom left","background_overlay_repeat":"no-repeat","background_overlay_opacity":{"unit":"px","size":"1","sizes":[]},"css_filters_css_filter":"custom","css_filters_saturate":{"unit":"px","size":"200","sizes":[]},"css_filters_hue":{"unit":"px","size":"360","sizes":[]},"margin":{"unit":"%","top":"2","right":"0","bottom":"0","left":"0","isLinked":""},"margin_mobile":{"unit":"%","top":"15","right":"0","bottom":"0","left":"0","isLinked":""},"padding":{"unit":"%","top":"10","right":"0","bottom":"10","left":"0","isLinked":""},"_title":"Services","background_overlay_image":{"id":"523","url":"https:\/\/library.elementor.com\/wp-content\/uploads\/2019\/07\/Bg-Services.png"},"background_overlay_position_tablet":"center center","background_overlay_position_mobile":"initial","background_overlay_xpos_mobile":{"unit":"px","size":"-426","sizes":[]},"background_overlay_ypos_mobile":{"unit":"%","size":"0","sizes":[]},"background_overlay_repeat_mobile":"no-repeat","background_overlay_size_tablet":"contain","background_overlay_size_mobile":"initial","background_overlay_bg_width_mobile":{"unit":"px","size":"925","sizes":[]},"_timestamp_":"v1cDhTNkl3ZlQ3TFF5ZHIrMm5pK0MvZz09"},"elements":[{"id":"747d429","settings":{"_column_size":"100","padding":{"unit":"px","top":"0","right":"0","bottom":"0","left":"0","isLinked":"1"}},"elements":[{"id":"4420dbb","settings":{"content_width":{"unit":"px","size":"600","sizes":[]},"margin":{"unit":"px","top":"0","right":"0","bottom":"0","left":"0","isLinked":"1"},"padding_mobile":{"unit":"%","top":"0","right":"5","bottom":"0","left":"5","isLinked":""},"_title":"Main Title Inner Section"},"elements":[{"id":"4504ab45","settings":{"_column_size":"100"},"elements":[{"id":"68fd4ab6","settings":{"title":"A Step-By-Step Roadmap To Success","title_color":"#4632da","typography_typography":"custom","typography_font_family":"Montserrat","typography_font_size":{"unit":"px","size":"20","sizes":[]},"typography_font_weight":"300","align_mobile":"center","typography_font_size_mobile":{"unit":"px","size":"18","sizes":[]},"typography_text_transform":"capitalize","align":"center","header_size":"h3"},"elements":[],"isInner":false,"widgetType":"heading","elType":"widget"},{"id":"46429341","settings":{"title":"One-Stop Digital Agency","title_color":"#3d4459","typography_typography":"custom","typography_font_family":"Varela Round","typography_font_size":{"unit":"px","size":"45","sizes":[]},"typography_font_weight":"300","typography_line_height":{"unit":"em","size":"1.2","sizes":[]},"align_mobile":"center","typography_font_size_tablet":{"unit":"px","size":"35","sizes":[]},"typography_font_size_mobile":{"unit":"px","size":"32","sizes":[]},"typography_text_transform":"capitalize","align":"center","motion_fx_translateY_speed":{"unit":"px","size":"0.5","sizes":[]},"motion_fx_translateY_affectedRange":{"unit":"%","size":"","sizes":{"start":"0","end":"50"}},"motion_fx_opacity_range":{"unit":"%","size":"","sizes":{"start":"0","end":"50"}}},"elements":[],"isInner":false,"widgetType":"heading","elType":"widget"},{"id":"51888bfc","settings":{"editor":"Lorem ipsum dolor sit amet, consectetur adipiscing elit, sed do eiusmod tempor incididunt ut labore et dolore magna aliqua. Elit ullamcr dignissim cras tincidunt lobortis feugiat.","text_color":"#3d4459","typography_typography":"custom","typography_font_family":"Montserrat","typography_font_weight":"200","align_mobile":"center","align":"center","typography_font_size":{"unit":"px","size":"16","sizes":[]},"typography_line_height":{"unit":"em","size":"1.4","sizes":[]}},"elements":[],"isInner":false,"widgetType":"text-editor","elType":"widget"}],"isInner":"1","elType":"column"}],"isInner":"1","elType":"section"},{"id":"4c0e2c19","settings":{"content_width":{"unit":"px","size":"1200","sizes":[]},"structure":"30","margin":{"unit":"px","top":"80","right":"0","bottom":"0","left":"0","isLinked":""},"margin_tablet":{"unit":"%","top":"5","right":"0","bottom":"0","left":"0","isLinked":""},"margin_mobile":{"unit":"%","top":"20","right":"0","bottom":"0","left":"0","isLinked":""},"padding_tablet":{"unit":"%","top":"0","right":"5","bottom":"0","left":"5","isLinked":""},"motion_fx_motion_fx_scrolling":"yes","motion_fx_translateY_effect":"yes","motion_fx_translateY_speed":{"unit":"px","size":"1","sizes":[]},"motion_fx_translateY_affectedRange":{"unit":"%","size":"","sizes":{"start":"0","end":"50"}},"motion_fx_opacity_effect":"yes","motion_fx_opacity_range":{"unit":"%","size":"","sizes":{"start":"0","end":"50"}},"motion_fx_devices":["desktop"],"_title":"Services Inner Section"},"elements":[{"id":"35dfcf1e","settings":{"_column_size":"33","background_background":"classic","background_color":"#ffffff","border_radius":{"unit":"px","top":"15","right":"15","bottom":"15","left":"70","isLinked":""},"box_shadow_box_shadow_type":"yes","box_shadow_box_shadow":{"horizontal":"0","vertical":"0","blur":"20","spread":"0","color":"rgba(0,0,0,0.05)"},"margin":{"unit":"%","top":"3","right":"3","bottom":"3","left":"3","isLinked":"1"},"padding":{"unit":"%","top":"14","right":"14","bottom":"14","left":"14","isLinked":"1"},"padding_tablet":{"unit":"%","top":"","right":"","bottom":"","left":"","isLinked":"1"},"padding_mobile":{"unit":"%","top":"10","right":"10","bottom":"10","left":"10","isLinked":"1"},"_title":"Column Service 1"},"elements":[{"id":"23778e98","settings":{"image":{"id":"462","url":"https:\/\/library.elementor.com\/wp-content\/uploads\/2019\/07\/Group-11-Copy.png"},"title_text":"Social Media\u200b\u200b","description_text":"Lorem ipsum dolor sit orot amet, cons ctetur atrd piing elit.\u200b","image_size":{"unit":"%","size":"25","sizes":[]},"text_align":"left","text_align_mobile":"center","title_color":"#3d4459","title_typography_typography":"custom","title_typography_font_family":"Varela Round","title_typography_font_size":{"unit":"px","size":"20","sizes":[]},"title_typography_font_weight":"400","title_typography_text_transform":"capitalize","description_color":"#3d4459","description_typography_typography":"custom","description_typography_font_family":"Montserrat","description_typography_font_size":{"unit":"px","size":"16","sizes":[]},"description_typography_font_size_tablet":{"unit":"px","size":"15","sizes":[]},"description_typography_font_weight":"300","description_typography_line_height":{"unit":"em","size":"1.4","sizes":[]}},"elements":[],"isInner":false,"widgetType":"image-box","elType":"widget"},{"id":"7d1f4f93","settings":{"text":"Learn More","align":"left","align_mobile":"center","icon":"fa fa-arrow-right","icon_align":"right","icon_indent":{"unit":"px","size":"10","sizes":[]},"typography_typography":"custom","typography_font_family":"Montserrat","typography_font_size":{"unit":"px","size":"15","sizes":[]},"button_text_color":"#4632da","background_color":"rgba(255,255,255,0)","text_padding":{"unit":"px","top":"0","right":"0","bottom":"0","left":"0","isLinked":"1"},"hover_animation":"grow","selected_icon":{"value":"fas fa-arrow-right","library":"fa-solid"}},"elements":[],"isInner":false,"widgetType":"button","elType":"widget"}],"isInner":"1","elType":"column"},{"id":"36c1ccdc","settings":{"_column_size":"33","background_background":"classic","background_color":"#ffffff","border_radius":{"unit":"px","top":"15","right":"15","bottom":"15","left":"70","isLinked":""},"box_shadow_box_shadow_type":"yes","box_shadow_box_shadow":{"horizontal":"0","vertical":"0","blur":"20","spread":"0","color":"rgba(0,0,0,0.05)"},"margin":{"unit":"%","top":"3","right":"3","bottom":"3","left":"3","isLinked":"1"},"padding":{"unit":"%","top":"14","right":"14","bottom":"14","left":"14","isLinked":"1"},"padding_mobile":{"unit":"%","top":"10","right":"10","bottom":"10","left":"10","isLinked":"1"},"_title":"Column Service 2"},"elements":[{"id":"3aaeed","settings":{"image":{"id":"463","url":"https:\/\/library.elementor.com\/wp-content\/uploads\/2019\/07\/Group-13-Copy.png"},"title_text":"SEO","description_text":"Lorem ipsum dolor sit orot amet, cons ctetur atrd piing elit.\u200b","image_size":{"unit":"%","size":"25","sizes":[]},"text_align":"left","text_align_mobile":"center","title_color":"#3d4459","title_typography_typography":"custom","title_typography_font_family":"Varela Round","title_typography_font_size":{"unit":"px","size":"20","sizes":[]},"title_typography_font_weight":"400","title_typography_text_transform":"capitalize","description_color":"#3d4459","description_typography_typography":"custom","description_typography_font_family":"Montserrat","description_typography_font_size":{"unit":"px","size":"16","sizes":[]},"description_typography_font_size_tablet":{"unit":"px","size":"15","sizes":[]},"description_typography_font_weight":"300","description_typography_line_height":{"unit":"em","size":"1.4","sizes":[]}},"elements":[],"isInner":false,"widgetType":"image-box","elType":"widget"},{"id":"4ad7d9b","settings":{"text":"Learn More","align":"left","align_mobile":"center","icon":"fa fa-arrow-right","icon_align":"right","icon_indent":{"unit":"px","size":"10","sizes":[]},"typography_typography":"custom","typography_font_family":"Montserrat","typography_font_size":{"unit":"px","size":"15","sizes":[]},"button_text_color":"#4632da","background_color":"rgba(255,255,255,0)","text_padding":{"unit":"px","top":"0","right":"0","bottom":"0","left":"0","isLinked":"1"},"hover_animation":"grow","selected_icon":{"value":"fas fa-arrow-right","library":"fa-solid"}},"elements":[],"isInner":false,"widgetType":"button","elType":"widget"}],"isInner":"1","elType":"column"},{"id":"1f63c4f7","settings":{"_column_size":"33","background_background":"classic","background_color":"#ffffff","border_radius":{"unit":"px","top":"15","right":"15","bottom":"15","left":"70","isLinked":""},"box_shadow_box_shadow_type":"yes","box_shadow_box_shadow":{"horizontal":"0","vertical":"0","blur":"20","spread":"0","color":"rgba(0,0,0,0.05)"},"margin":{"unit":"%","top":"3","right":"3","bottom":"3","left":"3","isLinked":"1"},"padding":{"unit":"%","top":"14","right":"14","bottom":"14","left":"14","isLinked":"1"},"padding_mobile":{"unit":"%","top":"10","right":"10","bottom":"10","left":"10","isLinked":"1"},"_title":"Column Service 3"},"elements":[{"id":"a1bc6a8","settings":{"image":{"id":"464","url":"https:\/\/library.elementor.com\/wp-content\/uploads\/2019\/07\/Group-17.png"},"title_text":"PPC","description_text":"Lorem ipsum dolor sit orot amet, cons ctetur atrd piing elit.\u200b","image_size":{"unit":"%","size":"25","sizes":[]},"text_align":"left","text_align_mobile":"center","title_color":"#3d4459","title_typography_typography":"custom","title_typography_font_family":"Varela Round","title_typography_font_size":{"unit":"px","size":"20","sizes":[]},"title_typography_font_weight":"400","title_typography_text_transform":"capitalize","description_color":"#3d4459","description_typography_typography":"custom","description_typography_font_family":"Montserrat","description_typography_font_size":{"unit":"px","size":"16","sizes":[]},"description_typography_font_size_tablet":{"unit":"px","size":"15","sizes":[]},"description_typography_font_weight":"300","description_typography_line_height":{"unit":"em","size":"1.4","sizes":[]}},"elements":[],"isInner":false,"widgetType":"image-box","elType":"widget"},{"id":"1234b884","settings":{"text":"Learn More","align":"left","align_mobile":"center","icon":"fa fa-arrow-right","icon_align":"right","icon_indent":{"unit":"px","size":"10","sizes":[]},"typography_typography":"custom","typography_font_family":"Montserrat","typography_font_size":{"unit":"px","size":"15","sizes":[]},"button_text_color":"#4632da","background_color":"rgba(255,255,255,0)","text_padding":{"unit":"px","top":"0","right":"0","bottom":"0","left":"0","isLinked":"1"},"hover_animation":"grow","selected_icon":{"value":"fas fa-arrow-right","library":"fa-solid"}},"elements":[],"isInner":false,"widgetType":"button","elType":"widget"}],"isInner":"1","elType":"column"}],"isInner":"1","elType":"section"},{"id":"5ca357ef","settings":{"content_width":{"unit":"px","size":"1200","sizes":[]},"structure":"30","margin":{"unit":"px","top":"0","right":"0","bottom":"0","left":"0","isLinked":""},"padding_tablet":{"unit":"%","top":"0","right":"5","bottom":"0","left":"5","isLinked":""},"margin_tablet":{"unit":"%","top":"0","right":"0","bottom":"0","left":"0","isLinked":""},"margin_mobile":{"unit":"%","top":"0","right":"0","bottom":"0","left":"0","isLinked":""},"motion_fx_motion_fx_scrolling":"yes","motion_fx_translateY_effect":"yes","motion_fx_translateY_speed":{"unit":"px","size":"1","sizes":[]},"motion_fx_translateY_affectedRange":{"unit":"%","size":"","sizes":{"start":"0","end":"50"}},"motion_fx_opacity_effect":"yes","motion_fx_opacity_range":{"unit":"%","size":"","sizes":{"start":"0","end":"50"}},"motion_fx_devices":["desktop","tablet"],"_title":"Services Inner Section"},"elements":[{"id":"385ea9fd","settings":{"_column_size":"33","background_background":"classic","background_color":"#ffffff","border_radius":{"unit":"px","top":"15","right":"15","bottom":"15","left":"70","isLinked":""},"box_shadow_box_shadow_type":"yes","box_shadow_box_shadow":{"horizontal":"0","vertical":"0","blur":"20","spread":"0","color":"rgba(0,0,0,0.05)"},"margin":{"unit":"%","top":"3","right":"3","bottom":"3","left":"3","isLinked":"1"},"padding":{"unit":"%","top":"14","right":"14","bottom":"14","left":"14","isLinked":"1"},"padding_mobile":{"unit":"%","top":"10","right":"10","bottom":"10","left":"10","isLinked":"1"},"_title":"Column Service 4"},"elements":[{"id":"5b785ed4","settings":{"image":{"id":"520","url":"https:\/\/library.elementor.com\/wp-content\/uploads\/2019\/07\/Group-19.png"},"title_text":"Digital Consulting \u200b\u200b","description_text":"Lorem ipsum dolor sit orot amet, cons ctetur atrd piing elit.\u200b","image_size":{"unit":"%","size":"25","sizes":[]},"text_align":"left","text_align_mobile":"center","title_color":"#3d4459","title_typography_typography":"custom","title_typography_font_family":"Varela Round","title_typography_font_size":{"unit":"px","size":"20","sizes":[]},"title_typography_font_weight":"400","title_typography_text_transform":"capitalize","description_color":"#3d4459","description_typography_typography":"custom","description_typography_font_family":"Montserrat","description_typography_font_size":{"unit":"px","size":"16","sizes":[]},"description_typography_font_size_tablet":{"unit":"px","size":"15","sizes":[]},"description_typography_font_weight":"300","description_typography_line_height":{"unit":"em","size":"1.4","sizes":[]}},"elements":[],"isInner":false,"widgetType":"image-box","elType":"widget"},{"id":"2008f7f3","settings":{"text":"Learn More","align":"left","align_mobile":"center","icon":"fa fa-arrow-right","icon_align":"right","icon_indent":{"unit":"px","size":"10","sizes":[]},"typography_typography":"custom","typography_font_family":"Montserrat","typography_font_size":{"unit":"px","size":"15","sizes":[]},"button_text_color":"#4632da","background_color":"rgba(255,255,255,0)","text_padding":{"unit":"px","top":"0","right":"0","bottom":"0","left":"0","isLinked":"1"},"hover_animation":"grow","selected_icon":{"value":"fas fa-arrow-right","library":"fa-solid"}},"elements":[],"isInner":false,"widgetType":"button","elType":"widget"}],"isInner":"1","elType":"column"},{"id":"59992ac8","settings":{"_column_size":"33","background_background":"classic","background_color":"#ffffff","border_radius":{"unit":"px","top":"15","right":"15","bottom":"15","left":"70","isLinked":""},"box_shadow_box_shadow_type":"yes","box_shadow_box_shadow":{"horizontal":"0","vertical":"0","blur":"20","spread":"0","color":"rgba(0,0,0,0.05)"},"margin":{"unit":"%","top":"3","right":"3","bottom":"3","left":"3","isLinked":"1"},"padding":{"unit":"%","top":"14","right":"14","bottom":"14","left":"14","isLinked":"1"},"padding_mobile":{"unit":"%","top":"10","right":"10","bottom":"10","left":"10","isLinked":"1"},"_title":"Column Service 5"},"elements":[{"id":"680de164","settings":{"image":{"id":"466","url":"https:\/\/library.elementor.com\/wp-content\/uploads\/2019\/07\/Group-20.png"},"title_text":"Web Design\u200b","description_text":"Lorem ipsum dolor sit orot amet, cons ctetur atrd piing elit.\u200b","image_size":{"unit":"%","size":"25","sizes":[]},"text_align":"left","text_align_mobile":"center","title_color":"#3d4459","title_typography_typography":"custom","title_typography_font_family":"Varela Round","title_typography_font_size":{"unit":"px","size":"20","sizes":[]},"title_typography_font_weight":"400","title_typography_text_transform":"capitalize","description_color":"#3d4459","description_typography_typography":"custom","description_typography_font_family":"Montserrat","description_typography_font_size":{"unit":"px","size":"16","sizes":[]},"description_typography_font_size_tablet":{"unit":"px","size":"15","sizes":[]},"description_typography_font_weight":"300","description_typography_line_height":{"unit":"em","size":"1.4","sizes":[]}},"elements":[],"isInner":false,"widgetType":"image-box","elType":"widget"},{"id":"3952f661","settings":{"text":"Learn More","align":"left","align_mobile":"center","icon":"fa fa-arrow-right","icon_align":"right","icon_indent":{"unit":"px","size":"10","sizes":[]},"typography_typography":"custom","typography_font_family":"Montserrat","typography_font_size":{"unit":"px","size":"15","sizes":[]},"button_text_color":"#4632da","background_color":"rgba(255,255,255,0)","text_padding":{"unit":"px","top":"0","right":"0","bottom":"0","left":"0","isLinked":"1"},"hover_animation":"grow","selected_icon":{"value":"fas fa-arrow-right","library":"fa-solid"}},"elements":[],"isInner":false,"widgetType":"button","elType":"widget"}],"isInner":"1","elType":"column"},{"id":"67f53b0d","settings":{"_column_size":"33","background_background":"classic","background_color":"#ffffff","border_radius":{"unit":"px","top":"15","right":"15","bottom":"15","left":"70","isLinked":""},"box_shadow_box_shadow_type":"yes","box_shadow_box_shadow":{"horizontal":"0","vertical":"0","blur":"20","spread":"0","color":"rgba(0,0,0,0.05)"},"margin":{"unit":"%","top":"3","right":"3","bottom":"3","left":"3","isLinked":"1"},"padding":{"unit":"%","top":"14","right":"14","bottom":"14","left":"14","isLinked":"1"},"padding_mobile":{"unit":"%","top":"10","right":"10","bottom":"10","left":"10","isLinked":"1"},"_title":"Column Service 6"},"elements":[{"id":"2d6090f3","settings":{"image":{"id":"467","url":"https:\/\/library.elementor.com\/wp-content\/uploads\/2019\/07\/content-icon-new.png"},"title_text":"Content Marketing\u200b","description_text":"Lorem ipsum dolor sit orot amet, cons ctetur atrd piing elit.\u200b","image_size":{"unit":"%","size":"25","sizes":[]},"text_align":"left","text_align_mobile":"center","title_color":"#3d4459","title_typography_typography":"custom","title_typography_font_family":"Varela Round","title_typography_font_size":{"unit":"px","size":"20","sizes":[]},"title_typography_font_weight":"400","title_typography_text_transform":"capitalize","description_color":"#3d4459","description_typography_typography":"custom","description_typography_font_family":"Montserrat","description_typography_font_size":{"unit":"px","size":"16","sizes":[]},"description_typography_font_size_tablet":{"unit":"px","size":"15","sizes":[]},"description_typography_font_weight":"300","description_typography_line_height":{"unit":"em","size":"1.4","sizes":[]}},"elements":[],"isInner":false,"widgetType":"image-box","elType":"widget"},{"id":"55f1d1b2","settings":{"text":"Learn More","align":"left","align_mobile":"center","icon":"fa fa-arrow-right","icon_align":"right","icon_indent":{"unit":"px","size":"10","sizes":[]},"typography_typography":"custom","typography_font_family":"Montserrat","typography_font_size":{"unit":"px","size":"15","sizes":[]},"button_text_color":"#4632da","background_color":"rgba(255,255,255,0)","text_padding":{"unit":"px","top":"0","right":"0","bottom":"0","left":"0","isLinked":"1"},"hover_animation":"grow","selected_icon":{"value":"fas fa-arrow-right","library":"fa-solid"}},"elements":[],"isInner":false,"widgetType":"button","elType":"widget"}],"isInner":"1","elType":"column"}],"isInner":"1","elType":"section"},{"id":"8863852","settings":{"content_width":{"unit":"px","size":"1200","sizes":[]},"structure":"30","margin":{"unit":"px","top":"0","right":"0","bottom":"0","left":"0","isLinked":""},"padding_tablet":{"unit":"%","top":"0","right":"5","bottom":"0","left":"5","isLinked":""},"margin_tablet":{"unit":"%","top":"0","right":"0","bottom":"0","left":"0","isLinked":""},"margin_mobile":{"unit":"%","top":"0","right":"0","bottom":"0","left":"0","isLinked":""},"motion_fx_motion_fx_scrolling":"yes","motion_fx_translateY_effect":"yes","motion_fx_translateY_speed":{"unit":"px","size":"1","sizes":[]},"motion_fx_translateY_affectedRange":{"unit":"%","size":"","sizes":{"start":"0","end":"50"}},"motion_fx_opacity_effect":"yes","motion_fx_opacity_range":{"unit":"%","size":"","sizes":{"start":"0","end":"50"}},"motion_fx_devices":["desktop","tablet"],"_title":"Services Inner Section"},"elements":[{"id":"47c55f36","settings":{"_column_size":"33","background_background":"classic","background_color":"#ffffff","border_radius":{"unit":"px","top":"15","right":"15","bottom":"15","left":"70","isLinked":""},"box_shadow_box_shadow_type":"yes","box_shadow_box_shadow":{"horizontal":"0","vertical":"0","blur":"20","spread":"0","color":"rgba(0,0,0,0.05)"},"margin":{"unit":"%","top":"3","right":"3","bottom":"3","left":"3","isLinked":"1"},"padding":{"unit":"%","top":"14","right":"14","bottom":"14","left":"14","isLinked":"1"},"padding_mobile":{"unit":"%","top":"10","right":"10","bottom":"10","left":"10","isLinked":"1"},"_title":"Column Service 7"},"elements":[{"id":"4a66e917","settings":{"image":{"id":"521","url":"https:\/\/library.elementor.com\/wp-content\/uploads\/2019\/07\/Group-22.png"},"title_text":"Graphic Design\u200b\u200b","description_text":"Lorem ipsum dolor sit orot amet, cons ctetur atrd piing elit.\u200b","image_size":{"unit":"%","size":"25","sizes":[]},"text_align":"left","text_align_mobile":"center","title_color":"#3d4459","title_typography_typography":"custom","title_typography_font_family":"Varela Round","title_typography_font_size":{"unit":"px","size":"20","sizes":[]},"title_typography_font_weight":"400","title_typography_text_transform":"capitalize","description_color":"#3d4459","description_typography_typography":"custom","description_typography_font_family":"Montserrat","description_typography_font_size":{"unit":"px","size":"16","sizes":[]},"description_typography_font_size_tablet":{"unit":"px","size":"15","sizes":[]},"description_typography_font_weight":"300","description_typography_line_height":{"unit":"em","size":"1.4","sizes":[]}},"elements":[],"isInner":false,"widgetType":"image-box","elType":"widget"},{"id":"440538a6","settings":{"text":"Learn More","align":"left","align_mobile":"center","icon":"fa fa-arrow-right","icon_align":"right","icon_indent":{"unit":"px","size":"10","sizes":[]},"typography_typography":"custom","typography_font_family":"Montserrat","typography_font_size":{"unit":"px","size":"15","sizes":[]},"button_text_color":"#4632da","background_color":"rgba(255,255,255,0)","text_padding":{"unit":"px","top":"0","right":"0","bottom":"0","left":"0","isLinked":"1"},"hover_animation":"grow","selected_icon":{"value":"fas fa-arrow-right","library":"fa-solid"}},"elements":[],"isInner":false,"widgetType":"button","elType":"widget"}],"isInner":"1","elType":"column"},{"id":"5aa3da4a","settings":{"_column_size":"33","background_background":"classic","background_color":"#ffffff","border_radius":{"unit":"px","top":"15","right":"15","bottom":"15","left":"70","isLinked":""},"box_shadow_box_shadow_type":"yes","box_shadow_box_shadow":{"horizontal":"0","vertical":"0","blur":"20","spread":"0","color":"rgba(0,0,0,0.05)"},"margin":{"unit":"%","top":"3","right":"3","bottom":"3","left":"3","isLinked":"1"},"padding":{"unit":"%","top":"14","right":"14","bottom":"14","left":"14","isLinked":"1"},"padding_mobile":{"unit":"%","top":"10","right":"10","bottom":"10","left":"10","isLinked":"1"},"_title":"Column Service 8"},"elements":[{"id":"37922dfa","settings":{"image":{"id":"522","url":"https:\/\/library.elementor.com\/wp-content\/uploads\/2019\/07\/Group-14.png"},"title_text":"Research\u200b\u200b","description_text":"Lorem ipsum dolor sit orot amet, cons ctetur atrd piing elit.\u200b","image_size":{"unit":"%","size":"25","sizes":[]},"text_align":"left","text_align_mobile":"center","title_color":"#3d4459","title_typography_typography":"custom","title_typography_font_family":"Varela Round","title_typography_font_size":{"unit":"px","size":"20","sizes":[]},"title_typography_font_weight":"400","title_typography_text_transform":"capitalize","description_color":"#3d4459","description_typography_typography":"custom","description_typography_font_family":"Montserrat","description_typography_font_size":{"unit":"px","size":"16","sizes":[]},"description_typography_font_size_tablet":{"unit":"px","size":"15","sizes":[]},"description_typography_font_weight":"300","description_typography_line_height":{"unit":"em","size":"1.4","sizes":[]}},"elements":[],"isInner":false,"widgetType":"image-box","elType":"widget"},{"id":"1eb948e7","settings":{"text":"Learn More","align":"left","align_mobile":"center","icon":"fa fa-arrow-right","icon_align":"right","icon_indent":{"unit":"px","size":"10","sizes":[]},"typography_typography":"custom","typography_font_family":"Montserrat","typography_font_size":{"unit":"px","size":"15","sizes":[]},"button_text_color":"#4632da","background_color":"rgba(255,255,255,0)","text_padding":{"unit":"px","top":"0","right":"0","bottom":"0","left":"0","isLinked":"1"},"hover_animation":"grow","selected_icon":{"value":"fas fa-arrow-right","library":"fa-solid"}},"elements":[],"isInner":false,"widgetType":"button","elType":"widget"}],"isInner":"1","elType":"column"},{"id":"68f07224","settings":{"_column_size":"33","background_background":"classic","background_color":"#ffffff","border_radius":{"unit":"px","top":"15","right":"15","bottom":"15","left":"70","isLinked":""},"box_shadow_box_shadow_type":"yes","box_shadow_box_shadow":{"horizontal":"0","vertical":"0","blur":"20","spread":"0","color":"rgba(0,0,0,0.05)"},"margin":{"unit":"%","top":"3","right":"3","bottom":"3","left":"3","isLinked":"1"},"padding":{"unit":"%","top":"14","right":"14","bottom":"14","left":"14","isLinked":"1"},"padding_mobile":{"unit":"%","top":"10","right":"10","bottom":"10","left":"10","isLinked":"1"},"_title":"Column Service 9"},"elements":[{"id":"4e9a03d6","settings":{"image":{"id":"465","url":"https:\/\/library.elementor.com\/wp-content\/uploads\/2019\/07\/Group-21.png"},"title_text":"Strategy\u200b\u200b","description_text":"Lorem ipsum dolor sit orot amet, cons ctetur atrd piing elit.\u200b","image_size":{"unit":"%","size":"25","sizes":[]},"text_align":"left","text_align_mobile":"center","title_color":"#3d4459","title_typography_typography":"custom","title_typography_font_family":"Varela Round","title_typography_font_size":{"unit":"px","size":"20","sizes":[]},"title_typography_font_weight":"400","title_typography_text_transform":"capitalize","description_color":"#3d4459","description_typography_typography":"custom","description_typography_font_family":"Montserrat","description_typography_font_size":{"unit":"px","size":"16","sizes":[]},"description_typography_font_size_tablet":{"unit":"px","size":"15","sizes":[]},"description_typography_font_weight":"300","description_typography_line_height":{"unit":"em","size":"1.4","sizes":[]}},"elements":[],"isInner":false,"widgetType":"image-box","elType":"widget"},{"id":"277630d6","settings":{"text":"Learn More","align":"left","align_mobile":"center","icon":"fa fa-arrow-right","icon_align":"right","icon_indent":{"unit":"px","size":"10","sizes":[]},"typography_typography":"custom","typography_font_family":"Montserrat","typography_font_size":{"unit":"px","size":"15","sizes":[]},"button_text_color":"#4632da","background_color":"rgba(255,255,255,0)","text_padding":{"unit":"px","top":"0","right":"0","bottom":"0","left":"0","isLinked":"1"},"hover_animation":"grow","selected_icon":{"value":"fas fa-arrow-right","library":"fa-solid"}},"elements":[],"isInner":false,"widgetType":"button","elType":"widget"}],"isInner":"1","elType":"column"}],"isInner":"1","elType":"section"}],"isInner":"","elType":"column"}],"isInner":"","elType":"section"},{"id":"58fc1352","settings":{"content_width":{"unit":"px","size":"1200","sizes":[]},"structure":"20","background_background":"classic","background_overlay_background":"classic","background_overlay_image":{"id":"526","url":"https:\/\/library.elementor.com\/wp-content\/uploads\/2019\/07\/Bg-more-about-the-services.png"},"background_overlay_position":"center center","background_overlay_position_mobile":"initial","background_overlay_xpos_mobile":{"unit":"px","size":"-263","sizes":[]},"background_overlay_repeat":"no-repeat","background_overlay_size":"cover","background_overlay_opacity":{"unit":"px","size":"1","sizes":[]},"css_filters_css_filter":"custom","css_filters_saturate":{"unit":"px","size":"200","sizes":[]},"css_filters_hue":{"unit":"px","size":"360","sizes":[]},"margin_tablet":{"unit":"%","top":"5","right":"0","bottom":"5","left":"0","isLinked":"1"},"margin_mobile":{"unit":"%","top":"20","right":"0","bottom":"20","left":"0","isLinked":"1"},"padding":{"unit":"%","top":"15","right":"0","bottom":"10","left":"0","isLinked":""},"padding_tablet":{"unit":"%","top":"0","right":"5","bottom":"0","left":"5","isLinked":""},"padding_mobile":{"unit":"%","top":"0","right":"5","bottom":"0","left":"5","isLinked":""},"_title":"More About The Services","_timestamp_":"v1cDhTNkl3ZlQ3TFF5ZHIrMm5pK0MvZz09"},"elements":[{"id":"caa9caa","settings":{"_column_size":"50","_inline_size":"40","_inline_size_tablet":"50","content_position":"center","padding":{"unit":"%","top":"0","right":"25","bottom":"0","left":"0","isLinked":""},"padding_mobile":{"unit":"px","top":"0","right":"0","bottom":"0","left":"0","isLinked":"1"},"padding_tablet":{"unit":"%","top":"0","right":"0","bottom":"0","left":"0","isLinked":"1"},"_title":"Content Column"},"elements":[{"id":"62306ed8","settings":{"title":"Rise to the top","title_color":"#00dafc","typography_typography":"custom","typography_font_family":"Montserrat","typography_font_size":{"unit":"px","size":"20","sizes":[]},"typography_font_weight":"300","align_mobile":"center","typography_font_size_mobile":{"unit":"px","size":"18","sizes":[]},"typography_text_transform":"capitalize","align":"left","typography_font_size_tablet":{"unit":"px","size":"16","sizes":[]},"_margin":{"unit":"%","top":"0","right":"0","bottom":"-3","left":"0","isLinked":""},"header_size":"h3"},"elements":[],"isInner":false,"widgetType":"heading","elType":"widget"},{"id":"3e4dc4af","settings":{"title":"Increase Sales","title_color":"#3d4459","typography_typography":"custom","typography_font_family":"Varela Round","typography_font_size":{"unit":"px","size":"34","sizes":[]},"typography_font_weight":"300","typography_line_height":{"unit":"em","size":"1.2","sizes":[]},"align_mobile":"center","typography_font_size_tablet":{"unit":"px","size":"30","sizes":[]},"typography_font_size_mobile":{"unit":"px","size":"28","sizes":[]},"typography_text_transform":"capitalize","align":"left","_margin":{"unit":"%","top":"","right":"","bottom":"","left":"","isLinked":"1"},"motion_fx_motion_fx_scrolling":"yes","motion_fx_translateY_effect":"yes","motion_fx_translateY_speed":{"unit":"px","size":"0.5","sizes":[]},"motion_fx_translateY_affectedRange":{"unit":"%","size":"","sizes":{"start":"0","end":"50"}},"motion_fx_opacity_effect":"yes","motion_fx_opacity_range":{"unit":"%","size":"","sizes":{"start":"0","end":"50"}}},"elements":[],"isInner":false,"widgetType":"heading","elType":"widget"},{"id":"333f471d","settings":{"editor":"Lorem ipsum dolor sit amet, cons ctetur adiop iscing elit, sed do eiusmod tempor incid didunt ult labore et dolore magna aliqua ryuti dfyo jfko desr.","text_color":"#3d4459","typography_typography":"custom","typography_font_family":"Montserrat","typography_font_weight":"200","align_mobile":"center","typography_font_size":{"unit":"px","size":"16","sizes":[]},"typography_line_height":{"unit":"em","size":"1.4","sizes":[]}},"elements":[],"isInner":false,"widgetType":"text-editor","elType":"widget"},{"id":"1b9dc938","settings":{"space":{"unit":"px","size":"30","sizes":[]}},"elements":[],"isInner":false,"widgetType":"spacer","elType":"widget"},{"id":"340b7e26","settings":{"title":"count on us","title_color":"#00dafc","typography_typography":"custom","typography_font_family":"Montserrat","typography_font_size":{"unit":"px","size":"20","sizes":[]},"typography_font_weight":"300","align_mobile":"center","typography_font_size_mobile":{"unit":"px","size":"18","sizes":[]},"typography_text_transform":"capitalize","align":"left","typography_font_size_tablet":{"unit":"px","size":"16","sizes":[]},"_margin":{"unit":"%","top":"0","right":"0","bottom":"-3","left":"0","isLinked":""},"header_size":"h3"},"elements":[],"isInner":false,"widgetType":"heading","elType":"widget"},{"id":"6ae4d052","settings":{"title":"The ROI Experts","title_color":"#3d4459","typography_typography":"custom","typography_font_family":"Varela Round","typography_font_size":{"unit":"px","size":"34","sizes":[]},"typography_font_weight":"300","typography_line_height":{"unit":"em","size":"1.2","sizes":[]},"align_mobile":"center","typography_font_size_tablet":{"unit":"px","size":"30","sizes":[]},"typography_font_size_mobile":{"unit":"px","size":"28","sizes":[]},"typography_text_transform":"capitalize","align":"left","_margin":{"unit":"%","top":"","right":"","bottom":"","left":"","isLinked":"1"},"motion_fx_motion_fx_scrolling":"yes","motion_fx_translateY_effect":"yes","motion_fx_translateY_speed":{"unit":"px","size":"0.5","sizes":[]},"motion_fx_translateY_affectedRange":{"unit":"%","size":"","sizes":{"start":"0","end":"50"}},"motion_fx_opacity_effect":"yes","motion_fx_opacity_range":{"unit":"%","size":"","sizes":{"start":"0","end":"50"}}},"elements":[],"isInner":false,"widgetType":"heading","elType":"widget"},{"id":"1be275b2","settings":{"editor":"Lorem ipsum dolor sit amet, cons ctetur adiop iscing elit, sed do eiusmod tempor incid didunt ult labore et dolore magna aliqua ryuti dfyo jfko desr.","text_color":"#3d4459","typography_typography":"custom","typography_font_family":"Montserrat","typography_font_weight":"200","align_mobile":"center","typography_font_size":{"unit":"px","size":"16","sizes":[]},"typography_line_height":{"unit":"em","size":"1.4","sizes":[]}},"elements":[],"isInner":false,"widgetType":"text-editor","elType":"widget"},{"id":"30be7cb6","settings":{"space":{"unit":"px","size":"30","sizes":[]}},"elements":[],"isInner":false,"widgetType":"spacer","elType":"widget"},{"id":"5ba5a875","settings":{"title":"try, try again","title_color":"#00dafc","typography_typography":"custom","typography_font_family":"Montserrat","typography_font_size":{"unit":"px","size":"20","sizes":[]},"typography_font_weight":"300","align_mobile":"center","typography_font_size_mobile":{"unit":"px","size":"18","sizes":[]},"typography_text_transform":"capitalize","align":"left","typography_font_size_tablet":{"unit":"px","size":"16","sizes":[]},"_margin":{"unit":"%","top":"0","right":"0","bottom":"-3","left":"0","isLinked":""},"header_size":"h3"},"elements":[],"isInner":false,"widgetType":"heading","elType":"widget"},{"id":"29a0fa04","settings":{"title":"Best Practices","title_color":"#3d4459","typography_typography":"custom","typography_font_family":"Varela Round","typography_font_size":{"unit":"px","size":"34","sizes":[]},"typography_font_weight":"300","typography_line_height":{"unit":"em","size":"1.2","sizes":[]},"align_mobile":"center","typography_font_size_tablet":{"unit":"px","size":"30","sizes":[]},"typography_font_size_mobile":{"unit":"px","size":"28","sizes":[]},"typography_text_transform":"capitalize","align":"left","_margin":{"unit":"%","top":"","right":"","bottom":"","left":"","isLinked":"1"},"motion_fx_motion_fx_scrolling":"yes","motion_fx_translateY_effect":"yes","motion_fx_translateY_speed":{"unit":"px","size":"0.5","sizes":[]},"motion_fx_translateY_affectedRange":{"unit":"%","size":"","sizes":{"start":"0","end":"50"}},"motion_fx_opacity_effect":"yes","motion_fx_opacity_range":{"unit":"%","size":"","sizes":{"start":"0","end":"50"}}},"elements":[],"isInner":false,"widgetType":"heading","elType":"widget"},{"id":"40077508","settings":{"editor":"Lorem ipsum dolor sit amet, cons ctetur adiop iscing elit, sed do eiusmod tempor incid didunt ult labore et dolore magna aliqua ryuti dfyo jfko desr.","text_color":"#3d4459","typography_typography":"custom","typography_font_family":"Montserrat","typography_font_weight":"200","align_mobile":"center","typography_font_size":{"unit":"px","size":"16","sizes":[]},"typography_line_height":{"unit":"em","size":"1.4","sizes":[]}},"elements":[],"isInner":false,"widgetType":"text-editor","elType":"widget"}],"isInner":"","elType":"column"},{"id":"42c61c07","settings":{"_column_size":"50","_inline_size":"60","_inline_size_tablet":"50","content_position":"center","margin_mobile":{"unit":"%","top":"15","right":"0","bottom":"0","left":"0","isLinked":""},"padding_tablet":{"unit":"%","top":"0","right":"0","bottom":"0","left":"10","isLinked":""},"_title":"Images Column"},"elements":[{"id":"5dcd13cb","settings":{"image":{"id":"524","url":"https:\/\/library.elementor.com\/wp-content\/uploads\/2019\/07\/Our-Services-pic-1.png"},"image_size":"full","image_border_radius":{"unit":"px","top":"300","right":"100","bottom":"100","left":"100","isLinked":""},"image_box_shadow_box_shadow_type":"yes","image_box_shadow_box_shadow":{"horizontal":"0","vertical":"0","blur":"30","spread":"0","color":"rgba(0,0,0,0.12)"},"_margin":{"unit":"%","top":"0","right":"0","bottom":"-15","left":"0","isLinked":""},"_element_custom_width":{"unit":"px","size":"540","sizes":[]},"_offset_x":{"size":"0","unit":"px"},"_offset_y":{"size":"0","unit":"px"},"_margin_tablet":{"unit":"%","top":"","right":"","bottom":"","left":"","isLinked":"1"},"_margin_mobile":{"unit":"%","top":"","right":"","bottom":"","left":"","isLinked":"1"},"align":"right","width":{"unit":"%","size":"49","sizes":[]},"width_tablet":{"unit":"%","size":"70","sizes":[]},"motion_fx_motion_fx_scrolling":"yes","motion_fx_translateY_effect":"yes","motion_fx_translateY_direction":"negative","motion_fx_translateY_speed":{"unit":"px","size":"0.8","sizes":[]},"motion_fx_devices":["desktop"]},"elements":[],"isInner":false,"widgetType":"image","elType":"widget"},{"id":"2aa077c4","settings":{"image":{"id":"525","url":"https:\/\/library.elementor.com\/wp-content\/uploads\/2019\/07\/Our-Services-pic-2.png"},"image_size":"full","image_border_radius":{"unit":"px","top":"100","right":"100","bottom":"300","left":"100","isLinked":""},"image_box_shadow_box_shadow_type":"yes","image_box_shadow_box_shadow":{"horizontal":"0","vertical":"0","blur":"30","spread":"0","color":"rgba(0,0,0,0.12)"},"_margin":{"unit":"%","top":"3","right":"0","bottom":"0","left":"0","isLinked":""},"_element_custom_width":{"unit":"px","size":"540","sizes":[]},"_offset_x":{"size":"0","unit":"px"},"_offset_y":{"size":"0","unit":"px"},"_margin_tablet":{"unit":"%","top":"","right":"","bottom":"","left":"","isLinked":"1"},"_margin_mobile":{"unit":"%","top":"","right":"","bottom":"","left":"","isLinked":"1"},"align":"left","align_tablet":"right","width_tablet":{"unit":"%","size":"100","sizes":[]},"motion_fx_motion_fx_scrolling":"yes","motion_fx_translateY_effect":"yes","motion_fx_translateY_speed":{"unit":"px","size":"0.8","sizes":[]},"motion_fx_devices":["desktop"]},"elements":[],"isInner":false,"widgetType":"image","elType":"widget"}],"isInner":"","elType":"column"}],"isInner":"","elType":"section"},{"id":"1280b00d","settings":{"content_width":{"unit":"px","size":"1200","sizes":[]},"background_background":"classic","background_overlay_background":"classic","background_overlay_image":{"id":"527","url":"https:\/\/library.elementor.com\/wp-content\/uploads\/2019\/07\/BG-FAQ-Services.png"},"background_overlay_position":"center left","background_overlay_repeat":"no-repeat","background_overlay_size_tablet":"contain","background_overlay_opacity":{"unit":"px","size":"1","sizes":[]},"css_filters_css_filter":"custom","css_filters_saturate":{"unit":"px","size":"200","sizes":[]},"css_filters_hue":{"unit":"px","size":"360","sizes":[]},"margin":{"unit":"%","top":"0","right":"0","bottom":"5","left":"0","isLinked":""},"margin_mobile":{"unit":"%","top":"","right":"0","bottom":"","left":"0","isLinked":"1"},"padding":{"unit":"%","top":"","right":"","bottom":"","left":"","isLinked":"1"},"padding_tablet":{"unit":"%","top":"8","right":"0","bottom":"8","left":"0","isLinked":""},"_title":"FAQ","height":"min-height","custom_height":{"unit":"px","size":"900","sizes":[]},"padding_mobile":{"unit":"px","top":"0","right":"0","bottom":"0","left":"0","isLinked":"1"},"_timestamp_":"v1cDhTNkl3ZlQ3TFF5ZHIrMm5pK0MvZz09"},"elements":[{"id":"78b65056","settings":{"_column_size":"100","padding":{"unit":"px","top":"0","right":"0","bottom":"0","left":"0","isLinked":"1"},"padding_tablet":{"unit":"%","top":"0","right":"5","bottom":"0","left":"5","isLinked":""}},"elements":[{"id":"222d270b","settings":{"title":"We Have Great Answers","title_color":"#3d4459","typography_typography":"custom","typography_font_family":"Montserrat","typography_font_size":{"unit":"px","size":"20","sizes":[]},"typography_font_weight":"300","align_mobile":"center","typography_font_size_mobile":{"unit":"px","size":"18","sizes":[]},"typography_text_transform":"capitalize","align":"center","header_size":"h3"},"elements":[],"isInner":false,"widgetType":"heading","elType":"widget"},{"id":"1b5bde05","settings":{"title":"Ask Us Anything","title_color":"#4632da","typography_typography":"custom","typography_font_family":"Varela Round","typography_font_size":{"unit":"px","size":"45","sizes":[]},"typography_font_weight":"300","typography_line_height":{"unit":"em","size":"1.2","sizes":[]},"align_mobile":"center","typography_font_size_tablet":{"unit":"px","size":"35","sizes":[]},"typography_font_size_mobile":{"unit":"px","size":"28","sizes":[]},"typography_text_transform":"capitalize","align":"center","motion_fx_motion_fx_scrolling":"yes","motion_fx_translateY_effect":"yes","motion_fx_translateY_speed":{"unit":"px","size":"0.5","sizes":[]},"motion_fx_translateY_affectedRange":{"unit":"%","size":"","sizes":{"start":"0","end":"50"}},"motion_fx_opacity_effect":"yes","motion_fx_opacity_range":{"unit":"%","size":"","sizes":{"start":"0","end":"50"}}},"elements":[],"isInner":false,"widgetType":"heading","elType":"widget"},{"id":"79330e43","settings":{"content_width":{"unit":"px","size":"1200","sizes":[]},"structure":"20","margin":{"unit":"%","top":"5","right":"0","bottom":"0","left":"0","isLinked":""},"_title":"Questions Inner Section"},"elements":[{"id":"1e4b66c4","settings":{"_column_size":"50","_inline_size_tablet":"100","_title":"Column FAQ 1"},"elements":[{"id":"2abb51d8","settings":{"tabs":[{"tab_title":"What is your best social media product?","tab_content":"<p>Lorem ipsum dolor sit amet, consectetur adipiscing elit. Ut elit tellus, luctus nec ullamcorper mattis, pulvinar dapibus leo.<\/p>","_id":"355b953"},{"tab_title":"Should I be on every Social Network?","tab_content":"<p>Lorem ipsum dolor sit amet, consectetur adipiscing elit. Ut elit tellus, luctus nec ullamcorper mattis, pulvinar dapibus leo.<\/p>","_id":"a67018a"},{"tab_title":"Can good content improve my SEO score?","tab_content":"<p>Lorem ipsum dolor sit amet, consectetur adipiscing elit. Ut elit tellus, luctus nec ullamcorper mattis, pulvinar dapibus leo.<\/p>","_id":"7df500c"},{"tab_title":"Can you boost my business fast?","tab_content":"<p>Lorem ipsum dolor sit amet, consectetur adipiscing elit. Ut elit tellus, luctus nec ullamcorper mattis, pulvinar dapibus leo.<\/p>","_id":"8f8398b"}],"icon":"fa fa-arrow-down","icon_active":"fa fa-arrow-up","border_width":{"unit":"px","size":"0","sizes":[]},"border_color":"#2f6307","space_between":{"unit":"px","size":"15","sizes":[]},"box_shadow_box_shadow_type":"yes","box_shadow_box_shadow":{"horizontal":"0","vertical":"0","blur":"30","spread":"0","color":"rgba(0,0,0,0.05)"},"title_background":"#ffffff","title_color":"#3d4459","title_typography_typography":"custom","title_typography_font_family":"Montserrat","title_typography_font_size":{"unit":"px","size":"16","sizes":[]},"title_typography_font_weight":"300","title_padding":{"unit":"px","top":"25","right":"25","bottom":"25","left":"25","isLinked":"1"},"icon_align":"right","content_color":"#3d4459","content_typography_typography":"custom","content_typography_font_family":"Montserrat","content_typography_font_size":{"unit":"px","size":"16","sizes":[]},"content_typography_font_weight":"300","content_padding":{"unit":"px","top":"5","right":"25","bottom":"25","left":"25","isLinked":""},"_border_radius":{"unit":"%","top":"","right":"","bottom":"","left":"","isLinked":"1"},"tab_active_color":"#6000f2","icon_color":"#6000f2","content_background_color":"#ffffff","selected_icon":{"value":"fas fa-arrow-down","library":"fa-solid"},"selected_active_icon":{"value":"fas fa-arrow-up","library":"fa-solid"},"title_typography_text_transform":"capitalize","__fa4_migrated":{"selected_icon":"1","selected_active_icon":"1"},"content_typography_line_height":{"unit":"em","size":"1.6","sizes":[]}},"elements":[],"isInner":false,"widgetType":"toggle","elType":"widget"}],"isInner":"1","elType":"column"},{"id":"7b47fffb","settings":{"_column_size":"50","_inline_size_tablet":"100","_title":"Column FAQ 2"},"elements":[{"id":"3156f9ab","settings":{"tabs":[{"tab_title":"Is print really dead?","tab_content":"<p>Lorem ipsum dolor sit amet, consectetur adipiscing elit. Ut elit tellus, luctus nec ullamcorper mattis, pulvinar dapibus leo.<\/p>","_id":"355b953"},{"tab_title":"What is the best advice for a newbie?","tab_content":"<p>Lorem ipsum dolor sit amet, consectetur adipiscing elit. Ut elit tellus, luctus nec ullamcorper mattis, pulvinar dapibus leo.<\/p>","_id":"a67018a"},{"tab_title":"Do you provide full service?","tab_content":"<p>Lorem ipsum dolor sit amet, consectetur adipiscing elit. Ut elit tellus, luctus nec ullamcorper mattis, pulvinar dapibus leo.<\/p>","_id":"7df500c"},{"tab_title":"What is your success rate?","tab_content":"<p>Lorem ipsum dolor sit amet, consectetur adipiscing elit. Ut elit tellus, luctus nec ullamcorper mattis, pulvinar dapibus leo.<\/p>","_id":"8f8398b"}],"icon":"fa fa-arrow-down","icon_active":"fa fa-arrow-up","border_width":{"unit":"px","size":"0","sizes":[]},"border_color":"#2f6307","space_between":{"unit":"px","size":"15","sizes":[]},"box_shadow_box_shadow_type":"yes","box_shadow_box_shadow":{"horizontal":"0","vertical":"0","blur":"30","spread":"0","color":"rgba(0,0,0,0.05)"},"title_background":"#ffffff","title_color":"#3d4459","title_typography_typography":"custom","title_typography_font_family":"Montserrat","title_typography_font_size":{"unit":"px","size":"16","sizes":[]},"title_typography_font_weight":"300","title_padding":{"unit":"px","top":"25","right":"25","bottom":"25","left":"25","isLinked":"1"},"icon_align":"right","content_color":"#3d4459","content_typography_typography":"custom","content_typography_font_family":"Montserrat","content_typography_font_size":{"unit":"px","size":"16","sizes":[]},"content_typography_font_weight":"300","content_padding":{"unit":"px","top":"5","right":"25","bottom":"25","left":"25","isLinked":""},"_border_radius":{"unit":"%","top":"","right":"","bottom":"","left":"","isLinked":"1"},"tab_active_color":"#6000f2","icon_color":"#6000f2","content_background_color":"#ffffff","selected_icon":{"value":"fas fa-arrow-down","library":"fa-solid"},"selected_active_icon":{"value":"fas fa-arrow-up","library":"fa-solid"},"title_typography_text_transform":"capitalize","__fa4_migrated":{"selected_icon":"1","selected_active_icon":"1"},"content_typography_line_height":{"unit":"em","size":"1.6","sizes":[]}},"elements":[],"isInner":false,"widgetType":"toggle","elType":"widget"}],"isInner":"1","elType":"column"}],"isInner":"1","elType":"section"}],"isInner":"","elType":"column"}],"isInner":"","elType":"section"},{"id":"35902e9a","settings":{"content_width":{"unit":"px","size":"1200","sizes":[]},"custom_height":{"unit":"px","size":"665","sizes":[]},"structure":"20","background_background":"gradient","background_color":"#0700dd","background_color_b":"#00f2ff","background_color_b_stop":{"unit":"%","size":"89","sizes":[]},"background_gradient_angle":{"unit":"deg","size":"130","sizes":[]},"background_overlay_background":"classic","background_overlay_image":{"id":"485","url":"https:\/\/library.elementor.com\/wp-content\/uploads\/2019\/07\/CTA-Shapes.png"},"background_overlay_position":"center center","background_overlay_position_tablet":"center left","background_overlay_xpos":{"unit":"px","size":"-133","sizes":[]},"background_overlay_ypos":{"unit":"px","size":"-89","sizes":[]},"background_overlay_repeat":"no-repeat","background_overlay_size":"cover","background_overlay_opacity":{"unit":"px","size":"0.15","sizes":[]},"shape_divider_top":"waves","shape_divider_top_width":{"unit":"%","size":"230","sizes":[]},"shape_divider_top_height":{"unit":"px","size":"100","sizes":[]},"shape_divider_top_height_tablet":{"unit":"px","size":"70","sizes":[]},"shape_divider_top_flip":"yes","shape_divider_bottom_width":{"unit":"%","size":"260","sizes":[]},"shape_divider_bottom_height":{"unit":"px","size":"120","sizes":[]},"shape_divider_bottom_flip":"yes","padding":{"unit":"px","top":"0","right":"0","bottom":"50","left":"0","isLinked":""},"padding_tablet":{"unit":"%","top":"5","right":"5","bottom":"5","left":"5","isLinked":""},"padding_mobile":{"unit":"%","top":"15","right":"5","bottom":"5","left":"5","isLinked":""},"_title":"CTA","_timestamp_":"v1cDhTNkl3ZlQ3TFF5ZHIrMm5pK0MvZz09"},"elements":[{"id":"3353ae38","settings":{"_column_size":"50","content_position":"center","padding":{"unit":"px","top":"50","right":"120","bottom":"0","left":"0","isLinked":""},"padding_mobile":{"unit":"%","top":"5","right":"5","bottom":"5","left":"5","isLinked":"1"},"padding_tablet":{"unit":"px","top":"0","right":"0","bottom":"0","left":"0","isLinked":"1"},"_title":"Content Column"},"elements":[{"id":"1195db00","settings":{"title":"We strive to make our clients happy","title_color":"#ffffff","typography_typography":"custom","typography_font_family":"Varela Round","typography_font_size":{"unit":"px","size":"45","sizes":[]},"typography_font_weight":"300","typography_line_height":{"unit":"em","size":"1.2","sizes":[]},"align":"left","align_mobile":"center","typography_font_size_tablet":{"unit":"px","size":"34","sizes":[]},"typography_font_size_mobile":{"unit":"px","size":"28","sizes":[]},"typography_text_transform":"capitalize","header_size":"h4"},"elements":[],"isInner":false,"widgetType":"heading","elType":"widget"},{"id":"1e3ae1df","settings":{"title":"So, let's be happy together","title_color":"#ffffff","typography_typography":"custom","typography_font_family":"Montserrat","typography_font_size":{"unit":"px","size":"20","sizes":[]},"typography_font_weight":"400","align":"left","align_mobile":"center","typography_text_transform":"capitalize"},"elements":[],"isInner":false,"widgetType":"heading","elType":"widget"},{"id":"47ecdbe3","settings":{"text":"Meet Our Clients","link":{"url":"#about","is_external":"","nofollow":""},"size":"md","selected_icon":{"value":"fas fa-arrow-right","library":"fa-solid"},"icon_align":"right","icon_indent":{"unit":"px","size":10,"sizes":[]},"typography_typography":"custom","typography_font_family":"Montserrat","typography_font_size":{"unit":"px","size":15,"sizes":[]},"typography_font_weight":"500","typography_text_transform":"capitalize","button_text_color":"#00dafc","background_color":"#ffffff","hover_color":"#ffffff","button_background_hover_color":"#00dafc","border_radius":{"unit":"px","top":"30","right":"30","bottom":"30","left":"30","isLinked":true},"button_box_shadow_box_shadow_type":"yes","button_box_shadow_box_shadow":{"horizontal":0,"vertical":0,"blur":30,"spread":0,"color":"rgba(0,0,0,0.1)"},"_margin":{"unit":"px","top":"50","right":"0","bottom":"0","left":"0","isLinked":false},"align_mobile":"center","_margin_tablet":{"unit":"px","top":"20","right":"0","bottom":"0","left":"0","isLinked":false}},"elements":[],"isInner":false,"widgetType":"button","elType":"widget"}],"isInner":"","elType":"column"},{"id":"5b1b5508","settings":{"_column_size":"50","padding_tablet":{"unit":"px","top":"0","right":"0","bottom":"0","left":"020","isLinked":""},"padding":{"unit":"px","top":"0","right":"0","bottom":"0","left":"0","isLinked":"1"},"_title":"Image Column"},"elements":[{"id":"13eeaa88","settings":{"image":{"id":"528","url":"https:\/\/library.elementor.com\/wp-content\/uploads\/2019\/07\/CTA-Our-Services.png"},"image_size":"full","image_border_radius":{"unit":"px","top":"300","right":"100","bottom":"100","left":"100","isLinked":""},"image_box_shadow_box_shadow_type":"yes","image_box_shadow_box_shadow":{"horizontal":"0","vertical":"0","blur":"30","spread":"0","color":"rgba(0,0,0,0.12)"},"_margin":{"unit":"%","top":"-10","right":"0","bottom":"0","left":"0","isLinked":""},"_element_custom_width":{"unit":"px","size":"540","sizes":[]},"_offset_x":{"size":"0","unit":"px"},"_offset_y":{"size":"0","unit":"px"},"_margin_tablet":{"unit":"%","top":"-16","right":"0","bottom":"0","left":"0","isLinked":""},"_margin_mobile":{"unit":"%","top":"20","right":"0","bottom":"-15","left":"0","isLinked":""},"align":"right","motion_fx_motion_fx_scrolling":"yes","motion_fx_translateY_effect":"yes","motion_fx_translateY_direction":"negative","motion_fx_translateY_speed":{"unit":"px","size":"1","sizes":[]},"motion_fx_devices":["desktop","tablet"],"motion_fx_translateY_affectedRange":{"unit":"%","size":"","sizes":{"start":"0","end":"50"}}},"elements":[],"isInner":false,"widgetType":"image","elType":"widget"}],"isInner":"","elType":"column"}],"isInner":"","elType":"section"}]}