{"version":"0.4","title":"Digital Agency &#8211; Slients &#8211; page","type":"page","content":[{"id":"6af4fc59","settings":{"content_width":{"unit":"px","size":"1200","sizes":[]},"height":"min-height","custom_height":{"unit":"px","size":"500","sizes":[]},"background_background":"gradient","background_color":"#0700dd","background_color_b":"#00f2ff","background_color_b_stop":{"unit":"%","size":"89","sizes":[]},"background_gradient_angle":{"unit":"deg","size":"130","sizes":[]},"background_overlay_background":"classic","background_overlay_image":{"id":"547","url":"https:\/\/library.elementor.com\/wp-content\/uploads\/2019\/07\/Clients-BG-hero-new.png"},"background_overlay_position":"center center","background_overlay_xpos":{"unit":"px","size":"-133","sizes":[]},"background_overlay_ypos":{"unit":"px","size":"-89","sizes":[]},"background_overlay_repeat":"no-repeat","background_overlay_size":"cover","background_overlay_opacity":{"unit":"px","size":"0.15","sizes":[]},"shape_divider_bottom":"waves","shape_divider_bottom_width":{"unit":"%","size":"260","sizes":[]},"shape_divider_bottom_height":{"unit":"px","size":"120","sizes":[]},"shape_divider_bottom_flip":"yes","custom_height_tablet":{"unit":"px","size":"350","sizes":[]},"shape_divider_bottom_height_tablet":{"unit":"px","size":"195","sizes":[]},"margin":{"unit":"px","top":"","right":"0","bottom":"","left":"0","isLinked":"1"},"margin_mobile":{"unit":"%","top":"","right":"0","bottom":"","left":"0","isLinked":"1"},"padding_tablet":{"unit":"%","top":"0","right":"5","bottom":"0","left":"5","isLinked":""},"padding_mobile":{"unit":"%","top":"10","right":"5","bottom":"0","left":"5","isLinked":""},"_title":"Hero","custom_height_mobile":{"unit":"px","size":"280","sizes":[]},"background_overlay_position_tablet":"center left","background_overlay_position_mobile":"initial","background_overlay_xpos_mobile":{"unit":"px","size":"-172","sizes":[]},"shape_divider_bottom_height_mobile":{"unit":"px","size":"50","sizes":[]},"_timestamp_":"v1cDhTNkl3ZlQ3TFF5ZHIrMm5pK0MvZz09"},"elements":[{"id":"4336ca96","settings":{"_column_size":"100","padding_tablet":{"unit":"px","top":"5","right":"5","bottom":"5","left":"5","isLinked":"1"},"content_position":"center"},"elements":[{"id":"3d428529","settings":{"title":"Our Clients","title_color":"#ffffff","typography_typography":"custom","typography_font_family":"Varela Round","typography_font_size":{"unit":"px","size":"60","sizes":[]},"typography_font_weight":"300","typography_line_height":{"unit":"em","size":"1.2","sizes":[]},"align_mobile":"center","typography_font_size_tablet":{"unit":"px","size":"40","sizes":[]},"typography_font_size_mobile":{"unit":"px","size":"30","sizes":[]},"typography_text_transform":"capitalize","align":"center","header_size":"h1"},"elements":[],"isInner":false,"widgetType":"heading","elType":"widget"},{"id":"1a7e07d0","settings":{"title":"Welcome to the Beyond Family","title_color":"#ffffff","typography_typography":"custom","typography_font_family":"Montserrat","typography_font_size":{"unit":"px","size":"20","sizes":[]},"typography_font_weight":"300","align_mobile":"center","typography_font_size_mobile":{"unit":"px","size":"18","sizes":[]},"typography_text_transform":"capitalize","align":"center","header_size":"h3"},"elements":[],"isInner":false,"widgetType":"heading","elType":"widget"},{"id":"2f8d14a3","settings":{"text":"","size":"md","selected_icon":{"value":"fas fa-envelope","library":"fa-solid"},"icon_align":"right","typography_typography":"custom","typography_font_family":"Montserrat","typography_font_size":{"unit":"px","size":22,"sizes":[]},"typography_font_weight":"500","typography_text_transform":"capitalize","button_text_color":"#ffffff","background_color":"#4632da","button_background_hover_color":"#00dafc","border_radius":{"unit":"px","top":"200","right":"200","bottom":"200","left":"200","isLinked":true},"button_box_shadow_box_shadow_type":"yes","button_box_shadow_box_shadow":{"horizontal":0,"vertical":0,"blur":25,"spread":0,"color":"rgba(53,56,240,0.35)"},"text_padding":{"unit":"px","top":"25","right":"25","bottom":"0","left":"20","isLinked":false},"_padding":{"unit":"px","top":"0","right":"0","bottom":"50","left":"50","isLinked":false},"_element_width":"initial","_position":"fixed","_offset_x":{"unit":"px","size":-1,"sizes":[]},"_offset_orientation_v":"end","_title":"Popup Button","__dynamic__":{"link":"[elementor-tag id=\"d3619f5\" name=\"popup\" settings=\"%7B%7D\"]"},"_margin_mobile":{"unit":"px","top":"0","right":"0","bottom":"0","left":"0","isLinked":true},"_padding_mobile":{"unit":"px","top":"0","right":"0","bottom":"20","left":"20","isLinked":false},"_z_index":9999},"elements":[],"isInner":false,"widgetType":"button","elType":"widget"}],"isInner":"","elType":"column"}],"isInner":"","elType":"section"},{"id":"3ccc9cb4","settings":{"content_width":{"unit":"px","size":"1200","sizes":[]},"margin":{"unit":"%","top":"","right":"0","bottom":"","left":"0","isLinked":"1"},"background_background":"classic","background_overlay_background":"classic","background_overlay_image":{"id":"564","url":"https:\/\/library.elementor.com\/wp-content\/uploads\/2019\/07\/BG-Clients-new.png"},"background_overlay_position":"center left","background_overlay_position_tablet":"initial","background_overlay_position_mobile":"initial","background_overlay_xpos_tablet":{"unit":"px","size":"-55","sizes":[]},"background_overlay_xpos_mobile":{"unit":"px","size":"-653","sizes":[]},"background_overlay_ypos_mobile":{"unit":"px","size":"-90","sizes":[]},"background_overlay_repeat":"no-repeat","background_overlay_size_tablet":"cover","background_overlay_size_mobile":"cover","background_overlay_bg_width_mobile":{"unit":"%","size":"74","sizes":[]},"background_overlay_opacity":{"unit":"px","size":"1","sizes":[]},"css_filters_css_filter":"custom","css_filters_saturate":{"unit":"px","size":"200","sizes":[]},"css_filters_hue":{"unit":"px","size":"360","sizes":[]},"margin_tablet":{"unit":"%","top":"10","right":"0","bottom":"15","left":"0","isLinked":""},"padding":{"unit":"%","top":"10","right":"0","bottom":"10","left":"0","isLinked":""},"padding_tablet":{"unit":"%","top":"0","right":"5","bottom":"0","left":"5","isLinked":""},"_title":"Clients","custom_height":{"unit":"px","size":"700","sizes":[]},"_timestamp_":"v1cDhTNkl3ZlQ3TFF5ZHIrMm5pK0MvZz09"},"elements":[{"id":"4e5cc92","settings":{"_column_size":"100"},"elements":[{"id":"30e65bc1","settings":{"title":"service with a smile","title_color":"#3d4459","typography_typography":"custom","typography_font_family":"Montserrat","typography_font_size":{"unit":"px","size":"20","sizes":[]},"typography_font_weight":"300","align":"center","typography_font_size_mobile":{"unit":"px","size":"18","sizes":[]},"typography_text_transform":"capitalize","_margin":{"unit":"%","top":"","right":"","bottom":"","left":"","isLinked":"1"},"header_size":"h3"},"elements":[],"isInner":false,"widgetType":"heading","elType":"widget"},{"id":"674c2780","settings":{"title":"Our Partners Believe in Us","title_color":"#4632da","typography_typography":"custom","typography_font_family":"Varela Round","typography_font_size":{"unit":"px","size":"45","sizes":[]},"typography_font_weight":"300","typography_line_height":{"unit":"em","size":"1.2","sizes":[]},"align":"center","typography_font_size_tablet":{"unit":"px","size":"35","sizes":[]},"typography_font_size_mobile":{"unit":"px","size":"30","sizes":[]},"typography_text_transform":"capitalize","_margin":{"unit":"px","top":"-15","right":"0","bottom":"0","left":"0","isLinked":""}},"elements":[],"isInner":false,"widgetType":"heading","elType":"widget"},{"id":"75523584","settings":{"editor":"Lorem ipsum dolor sit orot amet, cons ectetur adip scing elit. Proin rutrum euismod dolor, ultricies aliq luam off kool or taka ekolor.","text_color":"#3d4459","typography_typography":"custom","typography_font_family":"Montserrat","typography_font_weight":"200","align":"center","_margin":{"unit":"%","top":"","right":"","bottom":"","left":"","isLinked":"1"},"_padding":{"unit":"%","top":"0","right":"30","bottom":"0","left":"30","isLinked":""},"_padding_tablet":{"unit":"%","top":"0","right":"20","bottom":"0","left":"20","isLinked":""},"_padding_mobile":{"unit":"px","top":"0","right":"0","bottom":"0","left":"0","isLinked":"1"},"typography_font_size":{"unit":"px","size":"16","sizes":[]},"typography_line_height":{"unit":"em","size":"1.4","sizes":[]}},"elements":[],"isInner":false,"widgetType":"text-editor","elType":"widget"},{"id":"376ad873","settings":{"carousel":[{"id":"548","url":"https:\/\/library.elementor.com\/wp-content\/uploads\/2019\/07\/1-1.png"},{"id":"549","url":"https:\/\/library.elementor.com\/wp-content\/uploads\/2019\/07\/2.png"},{"id":"550","url":"https:\/\/library.elementor.com\/wp-content\/uploads\/2019\/07\/3-1.png"},{"id":"551","url":"https:\/\/library.elementor.com\/wp-content\/uploads\/2019\/07\/4-1.png"}],"thumbnail_size":"full","slides_to_show":"4","slides_to_show_tablet":"3","slides_to_show_mobile":"1","slides_to_scroll":"1","navigation":"none","pause_on_hover":"no","autoplay":"no","_margin":{"unit":"%","top":"5","right":"0","bottom":"7","left":"0","isLinked":""},"_margin_mobile":{"unit":"%","top":"10","right":"0","bottom":"10","left":"0","isLinked":""},"gallery_vertical_align":"center","image_spacing":"custom","image_spacing_custom":{"unit":"px","size":"0","sizes":[]},"_title":"Clients Image Carousel"},"elements":[],"isInner":false,"widgetType":"image-carousel","elType":"widget"},{"id":"69b04b28","settings":{"carousel":[{"id":"552","url":"https:\/\/library.elementor.com\/wp-content\/uploads\/2019\/07\/5.png"},{"id":"553","url":"https:\/\/library.elementor.com\/wp-content\/uploads\/2019\/07\/6.png"},{"id":"554","url":"https:\/\/library.elementor.com\/wp-content\/uploads\/2019\/07\/7.png"},{"id":"555","url":"https:\/\/library.elementor.com\/wp-content\/uploads\/2019\/07\/8-1.png"}],"thumbnail_size":"full","slides_to_show":"4","slides_to_show_tablet":"3","slides_to_show_mobile":"1","slides_to_scroll":"1","navigation":"none","autoplay":"no","_margin":{"unit":"%","top":"0","right":"0","bottom":"7","left":"0","isLinked":""},"_margin_mobile":{"unit":"%","top":"0","right":"0","bottom":"10","left":"0","isLinked":""},"gallery_vertical_align":"center","image_spacing":"custom","image_spacing_custom":{"unit":"px","size":"0","sizes":[]},"_title":"Clients Image Carousel"},"elements":[],"isInner":false,"widgetType":"image-carousel","elType":"widget"},{"id":"427a5084","settings":{"carousel":[{"id":"556","url":"https:\/\/library.elementor.com\/wp-content\/uploads\/2019\/07\/9.png"},{"id":"557","url":"https:\/\/library.elementor.com\/wp-content\/uploads\/2019\/07\/10.png"},{"id":"558","url":"https:\/\/library.elementor.com\/wp-content\/uploads\/2019\/07\/11.png"},{"id":"559","url":"https:\/\/library.elementor.com\/wp-content\/uploads\/2019\/07\/12.png"}],"thumbnail_size":"full","slides_to_show":"4","slides_to_show_tablet":"3","slides_to_show_mobile":"1","slides_to_scroll":"1","navigation":"none","autoplay":"no","_margin":{"unit":"%","top":"0","right":"0","bottom":"7","left":"0","isLinked":""},"_margin_mobile":{"unit":"%","top":"0","right":"0","bottom":"10","left":"0","isLinked":""},"gallery_vertical_align":"center","image_spacing":"custom","image_spacing_custom":{"unit":"px","size":"0","sizes":[]},"_title":"Clients Image Carousel"},"elements":[],"isInner":false,"widgetType":"image-carousel","elType":"widget"},{"id":"2a68bf5f","settings":{"carousel":[{"id":"560","url":"https:\/\/library.elementor.com\/wp-content\/uploads\/2019\/07\/13-1.png"},{"id":"561","url":"https:\/\/library.elementor.com\/wp-content\/uploads\/2019\/07\/14-1.png"},{"id":"562","url":"https:\/\/library.elementor.com\/wp-content\/uploads\/2019\/07\/15.png"},{"id":"563","url":"https:\/\/library.elementor.com\/wp-content\/uploads\/2019\/07\/16-1.png"}],"thumbnail_size":"full","slides_to_show":"4","slides_to_show_tablet":"3","slides_to_show_mobile":"1","slides_to_scroll":"1","navigation":"none","autoplay":"no","_margin":{"unit":"%","top":"","right":"","bottom":"","left":"","isLinked":"1"},"_margin_mobile":{"unit":"px","top":"0","right":"0","bottom":"0","left":"0","isLinked":"1"},"gallery_vertical_align":"center","image_spacing":"custom","image_spacing_custom":{"unit":"px","size":"0","sizes":[]},"_title":"Clients Image Carousel"},"elements":[],"isInner":false,"widgetType":"image-carousel","elType":"widget"}],"isInner":"","elType":"column"}],"isInner":"","elType":"section"},{"id":"256f6098","settings":{"content_width":{"unit":"px","size":"1200","sizes":[]},"structure":"20","background_background":"classic","background_overlay_background":"classic","background_overlay_position":"center center","background_overlay_repeat":"no-repeat","background_overlay_size":"cover","background_overlay_opacity":{"unit":"px","size":"1","sizes":[]},"css_filters_saturate":{"unit":"px","size":"200","sizes":[]},"css_filters_hue":{"unit":"px","size":"360","sizes":[]},"padding":{"unit":"%","top":"5","right":"0","bottom":"7","left":"0","isLinked":""},"_title":"CTA Join Us","background_overlay_image":{"id":"539","url":"https:\/\/library.elementor.com\/wp-content\/uploads\/2019\/07\/BG-Join-Clients.png"},"css_filters_css_filter":"custom","margin":{"unit":"%","top":"","right":"0","bottom":"","left":"0","isLinked":"1"},"margin_tablet":{"unit":"%","top":"5","right":"0","bottom":"15","left":"0","isLinked":""},"padding_tablet":{"unit":"%","top":"0","right":"5","bottom":"0","left":"5","isLinked":""},"padding_mobile":{"unit":"%","top":"0","right":"5","bottom":"0","left":"5","isLinked":""},"reverse_order_mobile":"reverse-mobile","height":"min-height","custom_height":{"unit":"px","size":"830","sizes":[]},"_timestamp_":"v1cDhTNkl3ZlQ3TFF5ZHIrMm5pK0MvZz09"},"elements":[{"id":"20d0db2e","settings":{"_column_size":"50","_inline_size":"60","content_position":"center","_inline_size_tablet":"50","_title":"Images Column"},"elements":[{"id":"34418e9c","settings":{"image":{"id":"565","url":"https:\/\/library.elementor.com\/wp-content\/uploads\/2019\/07\/Our-Clients-pic-2.png"},"image_size":"full","image_border_radius":{"unit":"px","top":"300","right":"100","bottom":"100","left":"100","isLinked":""},"image_box_shadow_box_shadow_type":"yes","image_box_shadow_box_shadow":{"horizontal":"0","vertical":"0","blur":"30","spread":"0","color":"rgba(0,0,0,0.12)"},"_margin":{"unit":"%","top":"0","right":"0","bottom":"3","left":"0","isLinked":""},"_element_custom_width":{"unit":"px","size":"540","sizes":[]},"_offset_x":{"size":"0","unit":"px"},"_offset_y":{"size":"0","unit":"px"},"_margin_tablet":{"unit":"%","top":"","right":"","bottom":"","left":"","isLinked":"1"},"_margin_mobile":{"unit":"%","top":"","right":"","bottom":"","left":"","isLinked":"1"},"align":"right","width":{"unit":"%","size":"45","sizes":[]},"align_tablet":"right","align_mobile":"right","width_mobile":{"unit":"%","size":"55","sizes":[]},"width_tablet":{"unit":"%","size":"55","sizes":[]},"motion_fx_motion_fx_scrolling":"yes","motion_fx_translateY_effect":"yes","motion_fx_translateY_direction":"negative","motion_fx_translateY_speed":{"unit":"px","size":"0.6","sizes":[]},"motion_fx_devices":["desktop"]},"elements":[],"isInner":false,"widgetType":"image","elType":"widget"},{"id":"52da1d36","settings":{"image":{"id":"566","url":"https:\/\/library.elementor.com\/wp-content\/uploads\/2019\/07\/Our-Clients-pic-1.png"},"image_size":"full","image_border_radius":{"unit":"px","top":"100","right":"100","bottom":"300","left":"100","isLinked":""},"image_box_shadow_box_shadow_type":"yes","image_box_shadow_box_shadow":{"horizontal":"0","vertical":"0","blur":"30","spread":"0","color":"rgba(0,0,0,0.12)"},"_margin":{"unit":"%","top":"-15","right":"0","bottom":"0","left":"0","isLinked":""},"_element_custom_width":{"unit":"px","size":"540","sizes":[]},"_offset_x":{"size":"0","unit":"px"},"_offset_y":{"size":"0","unit":"px"},"_margin_tablet":{"unit":"%","top":"","right":"","bottom":"","left":"","isLinked":"1"},"_margin_mobile":{"unit":"%","top":"","right":"","bottom":"","left":"","isLinked":"1"},"align":"left","width":{"unit":"%","size":"75","sizes":[]},"align_tablet":"left","align_mobile":"left","width_tablet":{"unit":"%","size":"79","sizes":[]},"width_mobile":{"unit":"%","size":"82","sizes":[]},"motion_fx_motion_fx_scrolling":"yes","motion_fx_translateY_effect":"yes","motion_fx_translateY_speed":{"unit":"px","size":"0.7","sizes":[]},"motion_fx_devices":["desktop"]},"elements":[],"isInner":false,"widgetType":"image","elType":"widget"}],"isInner":"","elType":"column"},{"id":"3a607e1","settings":{"_column_size":"50","_inline_size":"40","content_position":"center","padding":{"unit":"%","top":"0","right":"10","bottom":"0","left":"15","isLinked":""},"padding_tablet":{"unit":"%","top":"0","right":"0","bottom":"0","left":"7","isLinked":""},"padding_mobile":{"unit":"%","top":"5","right":"5","bottom":"5","left":"5","isLinked":"1"},"_inline_size_tablet":"50","_title":"Content Column"},"elements":[{"id":"4df4875f","settings":{"title":"Tailor-Made Digital Marketing","title_color":"#00dafc","typography_typography":"custom","typography_font_family":"Montserrat","typography_font_size":{"unit":"px","size":"20","sizes":[]},"typography_font_weight":"300","align_mobile":"center","typography_font_size_mobile":{"unit":"px","size":"18","sizes":[]},"typography_text_transform":"capitalize","align":"left","typography_font_size_tablet":{"unit":"px","size":"16","sizes":[]},"header_size":"h3"},"elements":[],"isInner":false,"widgetType":"heading","elType":"widget"},{"id":"1a9b31a7","settings":{"title":"Join Us And Be Part of Our Success","title_color":"#3d4459","typography_typography":"custom","typography_font_family":"Varela Round","typography_font_size":{"unit":"px","size":"50","sizes":[]},"typography_font_weight":"300","typography_line_height":{"unit":"em","size":"1.2","sizes":[]},"align_mobile":"center","typography_font_size_tablet":{"unit":"px","size":"35","sizes":[]},"typography_font_size_mobile":{"unit":"px","size":"28","sizes":[]},"typography_text_transform":"capitalize","align_tablet":"left","motion_fx_motion_fx_scrolling":"yes","motion_fx_translateY_effect":"yes","motion_fx_translateY_speed":{"unit":"px","size":"0.5","sizes":[]},"motion_fx_translateY_affectedRange":{"unit":"%","size":"","sizes":{"start":"0","end":"50"}},"motion_fx_opacity_effect":"yes","motion_fx_opacity_range":{"unit":"%","size":"","sizes":{"start":"0","end":"50"}}},"elements":[],"isInner":false,"widgetType":"heading","elType":"widget"},{"id":"195cc5f5","settings":{"editor":"<p>Lorem ipsum dolor sit amet, consectetur adiop iscing elit, sed do eiusmod tempor inci didunt ult labore et dolore magna aliqua.<\/p><p>Elit ullamcorper dignissim cras tincidunt lobortis feugiat. Euismod quis viverra nibh cras pulvinar. In massa tempor nec feugiat nisl pretium.<\/p>","text_color":"#3d4459","typography_typography":"custom","typography_font_family":"Montserrat","typography_font_weight":"200","align_mobile":"center","typography_font_size":{"unit":"px","size":"16","sizes":[]},"typography_line_height":{"unit":"em","size":"1.4","sizes":[]}},"elements":[],"isInner":false,"widgetType":"text-editor","elType":"widget"},{"id":"1fb8f319","settings":{"text":"Contact Us","link":{"url":"#about","is_external":"","nofollow":""},"size":"md","selected_icon":{"value":"fas fa-arrow-right","library":"fa-solid"},"icon_align":"right","icon_indent":{"unit":"px","size":10,"sizes":[]},"typography_typography":"custom","typography_font_family":"Montserrat","typography_font_size":{"unit":"px","size":15,"sizes":[]},"typography_font_weight":"500","typography_text_transform":"capitalize","button_text_color":"#ffffff","background_color":"#00dafc","button_background_hover_color":"#4632da","border_radius":{"unit":"px","top":"30","right":"30","bottom":"30","left":"30","isLinked":true},"button_box_shadow_box_shadow_type":"yes","button_box_shadow_box_shadow":{"horizontal":0,"vertical":0,"blur":30,"spread":0,"color":"rgba(0,0,0,0.1)"},"align_mobile":"center"},"elements":[],"isInner":false,"widgetType":"button","elType":"widget"}],"isInner":"","elType":"column"}],"isInner":"","elType":"section"},{"id":"19e98e67","settings":{"content_width":{"unit":"px","size":"1200","sizes":[]},"margin":{"unit":"%","top":"5","right":"0","bottom":"15","left":"0","isLinked":""},"background_background":"classic","background_overlay_background":"classic","background_overlay_image":{"id":"567","url":"https:\/\/library.elementor.com\/wp-content\/uploads\/2019\/07\/Bg-Testimonials-2.png"},"background_overlay_position":"bottom right","background_overlay_position_tablet":"bottom left","background_overlay_repeat":"no-repeat","background_overlay_opacity":{"unit":"px","size":"1","sizes":[]},"css_filters_css_filter":"custom","css_filters_saturate":{"unit":"px","size":"200","sizes":[]},"css_filters_hue":{"unit":"px","size":"360","sizes":[]},"margin_mobile":{"unit":"%","top":"25","right":"0","bottom":"25","left":"0","isLinked":"1"},"padding":{"unit":"%","top":"0","right":"0","bottom":"10","left":"0","isLinked":""},"padding_tablet":{"unit":"%","top":"10","right":"5","bottom":"15","left":"5","isLinked":""},"_title":"Testimonials","_timestamp_":"v1cDhTNkl3ZlQ3TFF5ZHIrMm5pK0MvZz09"},"elements":[{"id":"19c88869","settings":{"_column_size":"100"},"elements":[{"id":"1647335e","settings":{"title":"we love them","title_color":"#3d4459","typography_typography":"custom","typography_font_family":"Montserrat","typography_font_size":{"unit":"px","size":"20","sizes":[]},"typography_font_weight":"300","align":"center","typography_font_size_mobile":{"unit":"px","size":"16","sizes":[]},"typography_text_transform":"capitalize","_margin":{"unit":"%","top":"","right":"","bottom":"","left":"","isLinked":"1"},"header_size":"h3"},"elements":[],"isInner":false,"widgetType":"heading","elType":"widget"},{"id":"44c505b8","settings":{"title":"What Our Clients Have To Say\u200b","title_color":"#4632da","typography_typography":"custom","typography_font_family":"Varela Round","typography_font_size":{"unit":"px","size":"45","sizes":[]},"typography_font_weight":"300","typography_line_height":{"unit":"em","size":"1.2","sizes":[]},"align":"center","typography_font_size_tablet":{"unit":"px","size":"35","sizes":[]},"typography_font_size_mobile":{"unit":"px","size":"28","sizes":[]},"typography_text_transform":"capitalize","align_mobile":"center","motion_fx_motion_fx_scrolling":"yes","motion_fx_translateY_effect":"yes","motion_fx_translateY_speed":{"unit":"px","size":"0.5","sizes":[]},"motion_fx_translateY_affectedRange":{"unit":"%","size":"","sizes":{"start":"0","end":"50"}},"motion_fx_opacity_effect":"yes","motion_fx_opacity_range":{"unit":"%","size":"","sizes":{"start":"0","end":"50"}}},"elements":[],"isInner":false,"widgetType":"heading","elType":"widget"},{"id":"1130b172","settings":{"slides":[{"content":"\u201cLorem ipsum dolor sit amet, consectetur adipiscing elit, sed do eiusmod tempor incididunt ut labore et dolore magna aliqua. Elit ullamcorper dignissim cras tincidunt lobortis feugiat. Euismod quis viverra nibh cras pulvinar In massa tempor.\u201d","name":"Sophie Leonard","title":"CEO shark","image":{"id":"475","url":"https:\/\/library.elementor.com\/wp-content\/uploads\/2019\/07\/Testimonial-2.png"},"_id":"bd935bf"},{"content":"\u201cLorem ipsum dolor sit amet, consectetur adipiscing elit, sed do eiusmod tempor incididunt ut labore et dolore magna aliqua. Elit ullamcorper dignissim cras tincidunt lobortis feugiat. Euismod quis viverra nibh cras pulvinar In massa tempor.\u201d","name":"Herman Norton","title":"Studio Director","image":{"id":"474","url":"https:\/\/library.elementor.com\/wp-content\/uploads\/2019\/07\/Testimonial-1.png"},"_id":"c835538"},{"content":"\u201cLorem ipsum dolor sit amet, consectetur adipiscing elit, sed do eiusmod tempor incididunt ut labore et dolore magna aliqua. Elit ullamcorper dignissim cras tincidunt lobortis feugiat. Euismod quis viverra nibh cras pulvinar In massa tempor.\u201d","name":"Amanda Parks","title":"CYBERO","image":{"id":"473","url":"https:\/\/library.elementor.com\/wp-content\/uploads\/2019\/07\/Testimonial-3-1.png"},"_id":"7ac2f81"}],"layout":"image_above","slides_per_view":"1","slides_to_scroll":"1","width":{"unit":"%","size":"65","sizes":[]},"slide_padding":{"unit":"px","top":"0","right":"0","bottom":"0","left":"0","isLinked":"1"},"content_gap":{"unit":"px","size":"30","sizes":[]},"content_color":"#3d4459","content_typography_typography":"custom","content_typography_font_family":"Montserrat","content_typography_font_size":{"unit":"px","size":"18","sizes":[]},"content_typography_font_weight":"300","content_typography_line_height":{"unit":"em","size":"1.5","sizes":[]},"name_color":"#4632da","name_typography_typography":"custom","name_typography_font_family":"Varela","name_typography_font_size":{"unit":"px","size":"16","sizes":[]},"name_typography_font_weight":"300","title_color":"#3d4459","title_typography_typography":"custom","title_typography_font_size":{"unit":"px","size":"14","sizes":[]},"title_typography_font_weight":"300","image_size":{"unit":"px","size":"60","sizes":[]},"image_border_radius":{"unit":"px","size":"14","sizes":[]},"_margin":{"unit":"%","top":"5","right":"0","bottom":"0","left":"0","isLinked":""},"_padding":{"unit":"px","top":"30","right":"30","bottom":"30","left":"30","isLinked":"1"},"_background_background":"classic","_background_color":"#ffffff","_box_shadow_box_shadow_type":"yes","_box_shadow_box_shadow":{"horizontal":"0","vertical":"0","blur":"30","spread":"0","color":"rgba(0,0,0,0.04)"},"title_typography_font_family":"Montserrat","title_typography_font_style":"normal","width_tablet":{"unit":"%","size":"90","sizes":[]},"width_mobile":{"unit":"%","size":"100","sizes":[]},"show_arrows":"","autoplay_speed":"3500","pause_on_interaction":"","content_typography_font_size_mobile":{"unit":"px","size":"15","sizes":[]}},"elements":[],"isInner":false,"widgetType":"testimonial-carousel","elType":"widget"}],"isInner":"","elType":"column"}],"isInner":"","elType":"section"},{"id":"388d48a8","settings":{"content_width":{"unit":"px","size":"1200","sizes":[]},"custom_height":{"unit":"px","size":"665","sizes":[]},"structure":"20","background_background":"gradient","background_color":"#0700dd","background_color_b":"#00f2ff","background_color_b_stop":{"unit":"%","size":"89","sizes":[]},"background_gradient_angle":{"unit":"deg","size":"130","sizes":[]},"background_overlay_background":"classic","background_overlay_image":{"id":"485","url":"https:\/\/library.elementor.com\/wp-content\/uploads\/2019\/07\/CTA-Shapes.png"},"background_overlay_position":"center center","background_overlay_position_tablet":"center left","background_overlay_xpos":{"unit":"px","size":"-133","sizes":[]},"background_overlay_ypos":{"unit":"px","size":"-89","sizes":[]},"background_overlay_repeat":"no-repeat","background_overlay_size":"cover","background_overlay_opacity":{"unit":"px","size":"0.15","sizes":[]},"shape_divider_top":"waves","shape_divider_top_width":{"unit":"%","size":"230","sizes":[]},"shape_divider_top_height":{"unit":"px","size":"100","sizes":[]},"shape_divider_top_height_tablet":{"unit":"px","size":"70","sizes":[]},"shape_divider_top_flip":"yes","shape_divider_bottom_width":{"unit":"%","size":"260","sizes":[]},"shape_divider_bottom_height":{"unit":"px","size":"120","sizes":[]},"shape_divider_bottom_flip":"yes","padding":{"unit":"px","top":"0","right":"0","bottom":"50","left":"0","isLinked":""},"padding_tablet":{"unit":"%","top":"5","right":"5","bottom":"5","left":"5","isLinked":""},"padding_mobile":{"unit":"%","top":"15","right":"5","bottom":"5","left":"5","isLinked":""},"_title":"CTA","_timestamp_":"v1cDhTNkl3ZlQ3TFF5ZHIrMm5pK0MvZz09"},"elements":[{"id":"164361eb","settings":{"_column_size":"50","content_position":"center","padding":{"unit":"px","top":"50","right":"105","bottom":"0","left":"0","isLinked":""},"padding_mobile":{"unit":"%","top":"5","right":"5","bottom":"5","left":"5","isLinked":"1"},"padding_tablet":{"unit":"px","top":"0","right":"0","bottom":"0","left":"0","isLinked":"1"},"_title":"Content Column"},"elements":[{"id":"4b35da4a","settings":{"title":"Take a minute to get to know us","title_color":"#ffffff","typography_typography":"custom","typography_font_family":"Varela Round","typography_font_size":{"unit":"px","size":"45","sizes":[]},"typography_font_weight":"300","typography_line_height":{"unit":"em","size":"1.2","sizes":[]},"align":"left","align_mobile":"center","typography_font_size_tablet":{"unit":"px","size":"30","sizes":[]},"typography_font_size_mobile":{"unit":"px","size":"28","sizes":[]},"typography_text_transform":"capitalize","header_size":"h4"},"elements":[],"isInner":false,"widgetType":"heading","elType":"widget"},{"id":"7297fd93","settings":{"title":"the people behind beyond","title_color":"#ffffff","typography_typography":"custom","typography_font_family":"Montserrat","typography_font_size":{"unit":"px","size":"20","sizes":[]},"typography_font_weight":"400","align":"left","align_mobile":"center","typography_text_transform":"capitalize"},"elements":[],"isInner":false,"widgetType":"heading","elType":"widget"},{"id":"77b95cc9","settings":{"text":"About Us","link":{"url":"#about","is_external":"","nofollow":""},"size":"md","selected_icon":{"value":"fas fa-arrow-right","library":"fa-solid"},"icon_align":"right","icon_indent":{"unit":"px","size":10,"sizes":[]},"typography_typography":"custom","typography_font_family":"Montserrat","typography_font_size":{"unit":"px","size":15,"sizes":[]},"typography_font_weight":"500","typography_text_transform":"capitalize","button_text_color":"#00dafc","background_color":"#ffffff","hover_color":"#ffffff","button_background_hover_color":"#00dafc","border_radius":{"unit":"px","top":"30","right":"30","bottom":"30","left":"30","isLinked":true},"button_box_shadow_box_shadow_type":"yes","button_box_shadow_box_shadow":{"horizontal":0,"vertical":0,"blur":30,"spread":0,"color":"rgba(0,0,0,0.1)"},"_margin":{"unit":"px","top":"50","right":"0","bottom":"0","left":"0","isLinked":false},"align_mobile":"center","_margin_tablet":{"unit":"px","top":"20","right":"0","bottom":"0","left":"0","isLinked":false}},"elements":[],"isInner":false,"widgetType":"button","elType":"widget"}],"isInner":"","elType":"column"},{"id":"4ad5d533","settings":{"_column_size":"50","padding_tablet":{"unit":"px","top":"0","right":"0","bottom":"0","left":"020","isLinked":""},"padding":{"unit":"px","top":"0","right":"0","bottom":"0","left":"0","isLinked":"1"},"_title":"Image Column"},"elements":[{"id":"613da0e7","settings":{"image":{"id":612,"url":"https:\/\/library.elementor.com\/wp-content\/uploads\/2019\/07\/CTA-Our-Clients.png"},"image_size":"full","image_border_radius":{"unit":"px","top":"300","right":"100","bottom":"100","left":"100","isLinked":""},"image_box_shadow_box_shadow_type":"yes","image_box_shadow_box_shadow":{"horizontal":"0","vertical":"0","blur":"30","spread":"0","color":"rgba(0,0,0,0.12)"},"_margin":{"unit":"%","top":"-10","right":"0","bottom":"0","left":"0","isLinked":""},"_element_custom_width":{"unit":"px","size":"540","sizes":[]},"_offset_x":{"size":"0","unit":"px"},"_offset_y":{"size":"0","unit":"px"},"_margin_tablet":{"unit":"%","top":"-16","right":"0","bottom":"0","left":"0","isLinked":""},"_margin_mobile":{"unit":"%","top":"20","right":"0","bottom":"-15","left":"0","isLinked":""},"align":"right","motion_fx_motion_fx_scrolling":"yes","motion_fx_translateY_effect":"yes","motion_fx_translateY_direction":"negative","motion_fx_translateY_speed":{"unit":"px","size":"1","sizes":[]},"motion_fx_devices":["desktop","tablet"],"motion_fx_translateY_affectedRange":{"unit":"%","size":"","sizes":{"start":"0","end":"50"}}},"elements":[],"isInner":false,"widgetType":"image","elType":"widget"}],"isInner":"","elType":"column"}],"isInner":"","elType":"section"}]}