{"version":"0.4","title":"Digital Agency &#8211; Home Page &#8211; page","type":"page","content":[{"id":"6150f9f1","settings":{"content_width":{"unit":"px","size":"1200","sizes":[]},"height":"min-height","custom_height":{"unit":"px","size":"780","sizes":[]},"structure":"20","background_background":"gradient","background_color":"#0700dd","background_color_b":"#00f2ff","background_color_b_stop":{"unit":"%","size":"89","sizes":[]},"background_gradient_angle":{"unit":"deg","size":"130","sizes":[]},"background_overlay_background":"classic","background_overlay_image":{"id":"459","url":"https:\/\/library.elementor.com\/wp-content\/uploads\/2019\/07\/BG-HomePage-High.png"},"background_overlay_position":"center center","background_overlay_xpos":{"unit":"px","size":"-133","sizes":[]},"background_overlay_ypos":{"unit":"px","size":"-89","sizes":[]},"background_overlay_repeat":"no-repeat","background_overlay_size":"cover","background_overlay_opacity":{"unit":"px","size":"0.15","sizes":[]},"shape_divider_bottom":"waves","shape_divider_bottom_width":{"unit":"%","size":"260","sizes":[]},"shape_divider_bottom_height":{"unit":"px","size":"120","sizes":[]},"shape_divider_bottom_flip":"yes","custom_height_tablet":{"unit":"px","size":"770","sizes":[]},"shape_divider_bottom_height_tablet":{"unit":"px","size":"120","sizes":[]},"margin":{"unit":"px","top":"0","right":"0","bottom":"0","left":"0","isLinked":""},"margin_mobile":{"unit":"%","top":"","right":"0","bottom":"","left":"0","isLinked":"1"},"padding_tablet":{"unit":"%","top":"0","right":"5","bottom":"0","left":"5","isLinked":""},"padding_mobile":{"unit":"%","top":"15","right":"5","bottom":"0","left":"5","isLinked":""},"_title":"Hero","background_overlay_position_tablet":"center right","_timestamp_":"v1cDhTNkl3ZlQ3TFF5ZHIrMm5pK0MvZz09"},"elements":[{"id":"792b0586","settings":{"_column_size":"50","_inline_size":"50","padding_tablet":{"unit":"px","top":"5","right":"5","bottom":"5","left":"5","isLinked":"1"},"content_position":"center","margin":{"unit":"px","top":"75","right":"0","bottom":"0","left":"0","isLinked":""},"_title":"Content Column"},"elements":[{"id":"3eeed211","settings":{"title":"Go Beyond Your Wildest Dreams","title_color":"#ffffff","typography_typography":"custom","typography_font_family":"Montserrat","typography_font_size":{"unit":"px","size":"20","sizes":[]},"typography_font_weight":"300","align_mobile":"center","typography_font_size_mobile":{"unit":"px","size":"18","sizes":[]},"typography_text_transform":"capitalize","header_size":"h3"},"elements":[],"isInner":false,"widgetType":"heading","elType":"widget"},{"id":"f28c49f","settings":{"title":"Your Digital Presence\nIs About To Take Off","title_color":"#ffffff","typography_typography":"custom","typography_font_family":"Varela Round","typography_font_size":{"unit":"px","size":"45","sizes":[]},"typography_font_weight":"300","typography_line_height":{"unit":"em","size":"1.2","sizes":[]},"align_mobile":"center","typography_font_size_tablet":{"unit":"px","size":"40","sizes":[]},"typography_font_size_mobile":{"unit":"px","size":"30","sizes":[]},"typography_text_transform":"capitalize","header_size":"h1"},"elements":[],"isInner":false,"widgetType":"heading","elType":"widget"},{"id":"778076b1","settings":{"editor":"<p>Lorem ipsum dolor sit amet, consectetr adipiscing elit. Proin rutrum euismod dolor, ultricies aliquam nulla off\u00a0 maxim accumsan.<\/p>","text_color":"#ffffff","typography_typography":"custom","typography_font_family":"Montserrat","typography_font_weight":"200","align_mobile":"center","typography_font_size":{"unit":"px","size":"16","sizes":[]},"typography_line_height":{"unit":"em","size":"1.4","sizes":[]}},"elements":[],"isInner":false,"widgetType":"text-editor","elType":"widget"},{"id":"4b4b6320","settings":{"text":"about us","link":{"url":"#about","is_external":"","nofollow":""},"size":"md","selected_icon":{"value":"fas fa-arrow-down","library":"fa-solid"},"icon_align":"right","icon_indent":{"unit":"px","size":10,"sizes":[]},"typography_typography":"custom","typography_font_family":"Montserrat","typography_font_size":{"unit":"px","size":15,"sizes":[]},"typography_font_weight":"500","typography_text_transform":"capitalize","button_text_color":"#ffffff","background_color":"#00dafc","button_background_hover_color":"#4632da","border_radius":{"unit":"px","top":"30","right":"30","bottom":"30","left":"30","isLinked":true},"button_box_shadow_box_shadow_type":"yes","button_box_shadow_box_shadow":{"horizontal":0,"vertical":0,"blur":30,"spread":0,"color":"rgba(53,56,240,0.5)"},"align_mobile":"center"},"elements":[],"isInner":false,"widgetType":"button","elType":"widget"},{"id":"78f8ee20","settings":{"text":"","size":"md","selected_icon":{"value":"fas fa-envelope","library":"fa-solid"},"icon_align":"right","typography_typography":"custom","typography_font_family":"Montserrat","typography_font_size":{"unit":"px","size":22,"sizes":[]},"typography_font_weight":"500","typography_text_transform":"capitalize","button_text_color":"#ffffff","background_color":"#4632da","button_background_hover_color":"#00dafc","border_radius":{"unit":"px","top":"200","right":"200","bottom":"200","left":"200","isLinked":true},"button_box_shadow_box_shadow_type":"yes","button_box_shadow_box_shadow":{"horizontal":0,"vertical":0,"blur":25,"spread":0,"color":"rgba(53,56,240,0.35)"},"text_padding":{"unit":"px","top":"25","right":"25","bottom":"0","left":"20","isLinked":false},"_padding":{"unit":"px","top":"0","right":"0","bottom":"50","left":"50","isLinked":false},"_element_width":"initial","_position":"fixed","_offset_x":{"unit":"px","size":-1,"sizes":[]},"_offset_orientation_v":"end","_title":"Popup Button","__dynamic__":{"link":"[elementor-tag id=\"d3619f5\" name=\"popup\" settings=\"%7B%7D\"]"},"_margin_mobile":{"unit":"px","top":"0","right":"0","bottom":"0","left":"0","isLinked":true},"_padding_mobile":{"unit":"px","top":"0","right":"0","bottom":"20","left":"20","isLinked":false},"_z_index":9999},"elements":[],"isInner":false,"widgetType":"button","elType":"widget"}],"isInner":"","elType":"column"},{"id":"1548a10c","settings":{"_column_size":"50","_inline_size":"50","content_position":"center","margin_mobile":{"unit":"%","top":"10","right":"0","bottom":"0","left":"0","isLinked":""},"padding_tablet":{"unit":"%","top":"5","right":"5","bottom":"5","left":"5","isLinked":"1"},"_title":"Image Column"},"elements":[{"id":"14e0cdb9","settings":{"image":{"id":"458","url":"https:\/\/library.elementor.com\/wp-content\/uploads\/2019\/07\/Hero-Home-page-new.png"},"image_size":"full","image_border_radius":{"unit":"px","top":"300","right":"100","bottom":"100","left":"100","isLinked":""},"image_box_shadow_box_shadow_type":"yes","image_box_shadow_box_shadow":{"horizontal":"0","vertical":"0","blur":"30","spread":"0","color":"rgba(0,0,0,0.12)"},"_margin":{"unit":"%","top":"0","right":"0","bottom":"-50","left":"0","isLinked":""},"_element_custom_width":{"unit":"px","size":"540","sizes":[]},"_offset_x":{"size":"0","unit":"px"},"_offset_y":{"size":"0","unit":"px"},"_margin_tablet":{"unit":"px","top":"0","right":"0","bottom":"-100","left":"0","isLinked":""},"_margin_mobile":{"unit":"px","top":"0","right":"0","bottom":"-50","left":"0","isLinked":""},"motion_fx_motion_fx_scrolling":"yes","motion_fx_translateY_effect":"yes","motion_fx_translateY_speed":{"unit":"px","size":"1","sizes":[]},"width_tablet":{"unit":"%","size":"100","sizes":[]},"_animation":"none","motion_fx_translateX_direction":"negative","motion_fx_opacity_direction":"in-out","motion_fx_rotateZ_speed":{"unit":"px","size":"0.5","sizes":[]},"motion_fx_rotateZ_affectedRange":{"unit":"%","size":"","sizes":{"start":"39","end":"100"}},"motion_fx_scale_direction":"in-out","motion_fx_transform_origin_x":"left","motion_fx_transform_origin_y":"top"},"elements":[],"isInner":false,"widgetType":"image","elType":"widget"}],"isInner":"","elType":"column"}],"isInner":"","elType":"section"},{"id":"71c082a6","settings":{"margin":{"unit":"%","top":"6","right":"0","bottom":"0","left":"0","isLinked":""},"_title":"Anchor","_timestamp_":"v1cDhTNkl3ZlQ3TFF5ZHIrMm5pK0MvZz09"},"elements":[{"id":"49874ed7","settings":{"_column_size":"100","padding":{"unit":"px","top":"0","right":"0","bottom":"0","left":"0","isLinked":"1"}},"elements":[{"id":"7f827014","settings":{"anchor":"about"},"elements":[],"isInner":false,"widgetType":"menu-anchor","elType":"widget"}],"isInner":"","elType":"column"}],"isInner":"","elType":"section"},{"id":"7ecd2410","settings":{"content_width":{"unit":"px","size":"1200","sizes":[]},"height":"min-height","custom_height":{"unit":"px","size":"830","sizes":[]},"structure":"20","background_background":"classic","background_overlay_background":"classic","background_overlay_image":{"id":"461","url":"https:\/\/library.elementor.com\/wp-content\/uploads\/2019\/07\/BG-home-new4.png"},"background_overlay_position":"center center","background_overlay_repeat":"no-repeat","background_overlay_size":"auto","background_overlay_opacity":{"unit":"px","size":"1","sizes":[]},"css_filters_saturate":{"unit":"px","size":"200","sizes":[]},"css_filters_hue":{"unit":"px","size":"360","sizes":[]},"margin":{"unit":"%","top":"0","right":"0","bottom":"10","left":"0","isLinked":""},"background_overlay_position_tablet":"bottom left","margin_tablet":{"unit":"%","top":"15","right":"0","bottom":"0","left":"0","isLinked":""},"margin_mobile":{"unit":"%","top":"20","right":"0","bottom":"0","left":"0","isLinked":""},"reverse_order_mobile":"reverse-mobile","_title":"Intro","reverse_order_tablet":"reverse-tablet","_timestamp_":"v1cDhTNkl3ZlQ3TFF5ZHIrMm5pK0MvZz09"},"elements":[{"id":"5ad55d48","settings":{"_column_size":"50","margin":{"unit":"%","top":"","right":"","bottom":"","left":"","isLinked":"1"},"padding":{"unit":"%","top":"","right":"","bottom":"","left":"","isLinked":"1"},"content_position":"center","_inline_size_tablet":"100","margin_mobile":{"unit":"%","top":"15","right":"0","bottom":"0","left":"0","isLinked":""},"padding_tablet":{"unit":"%","top":"0","right":"9","bottom":"0","left":"0","isLinked":""},"padding_mobile":{"unit":"%","top":"0","right":"5","bottom":"0","left":"0","isLinked":""},"_title":"Image Column"},"elements":[{"id":"740160d6","settings":{"image":{"id":"460","url":"https:\/\/library.elementor.com\/wp-content\/uploads\/2019\/07\/Intro-Home-page-new.png"},"image_size":"full","image_border_radius":{"unit":"px","top":"100","right":"100","bottom":"300","left":"100","isLinked":""},"image_box_shadow_box_shadow_type":"yes","image_box_shadow_box_shadow":{"horizontal":"0","vertical":"0","blur":"30","spread":"0","color":"rgba(0,0,0,0.12)"},"align_tablet":"right","width_tablet":{"unit":"%","size":"51","sizes":[]},"width_mobile":{"unit":"%","size":"80","sizes":[]},"align_mobile":"right","motion_fx_translateY_effect":"yes","motion_fx_translateY_direction":"negative","motion_fx_translateY_speed":{"unit":"px","size":"1","sizes":[]},"motion_fx_motion_fx_scrolling":"yes"},"elements":[],"isInner":false,"widgetType":"image","elType":"widget"}],"isInner":"","elType":"column"},{"id":"1958648","settings":{"_column_size":"50","margin":{"unit":"%","top":"","right":"","bottom":"","left":"","isLinked":"1"},"padding":{"unit":"%","top":"5","right":"0","bottom":"5","left":"10","isLinked":""},"_inline_size_tablet":"100","content_position":"center","padding_tablet":{"unit":"%","top":"0","right":"35","bottom":"0","left":"05","isLinked":""},"padding_mobile":{"unit":"%","top":"5","right":"5","bottom":"5","left":"5","isLinked":"1"},"_title":"Content Column"},"elements":[{"id":"7fb03640","settings":{"title":"The Sky's The Limit","title_color":"#3d4459","typography_typography":"custom","typography_font_family":"Montserrat","typography_font_size":{"unit":"px","size":"20","sizes":[]},"typography_font_weight":"300","align_mobile":"center","typography_font_size_mobile":{"unit":"px","size":"18","sizes":[]},"typography_text_transform":"capitalize","header_size":"h3"},"elements":[],"isInner":false,"widgetType":"heading","elType":"widget"},{"id":"1fff3345","settings":{"title":"We Create Unique Campaigns That Help Your Business Grow","title_color":"#4632da","typography_typography":"custom","typography_font_family":"Varela Round","typography_font_size":{"unit":"px","size":"45","sizes":[]},"typography_font_weight":"300","typography_line_height":{"unit":"em","size":"1.2","sizes":[]},"align_mobile":"center","typography_font_size_tablet":{"unit":"px","size":"35","sizes":[]},"typography_font_size_mobile":{"unit":"px","size":"30","sizes":[]},"typography_text_transform":"capitalize","typography_line_height_mobile":{"unit":"em","size":"1.4","sizes":[]},"motion_fx_motion_fx_scrolling":"yes","motion_fx_translateY_effect":"yes","motion_fx_translateY_speed":{"unit":"px","size":"0.5","sizes":[]},"motion_fx_translateY_affectedRange":{"unit":"%","size":"","sizes":{"start":"0","end":"50"}},"motion_fx_opacity_effect":"yes","motion_fx_opacity_range":{"unit":"%","size":"","sizes":{"start":"0","end":"50"}},"motion_fx_devices":["desktop","mobile"]},"elements":[],"isInner":false,"widgetType":"heading","elType":"widget"},{"id":"30442b40","settings":{"editor":"<p>Lorem ipsum dolor sit orot amet, conse ctetur adip scing elit. Proin rutrum euismod dolor ultricies aliq luam ekolor.<\/p>","text_color":"#3d4459","typography_typography":"custom","typography_font_family":"Montserrat","typography_font_weight":"200","align_mobile":"center","typography_font_size":{"unit":"px","size":"16","sizes":[]},"typography_line_height":{"unit":"em","size":"1.4","sizes":[]}},"elements":[],"isInner":false,"widgetType":"text-editor","elType":"widget"},{"id":"1bb31d47","settings":{"text":"learn more","link":{"url":"#about","is_external":"","nofollow":""},"size":"md","selected_icon":{"value":"fas fa-arrow-right","library":"fa-solid"},"icon_align":"right","icon_indent":{"unit":"px","size":10,"sizes":[]},"typography_typography":"custom","typography_font_family":"Montserrat","typography_font_size":{"unit":"px","size":15,"sizes":[]},"typography_font_weight":"500","typography_text_transform":"capitalize","button_text_color":"#ffffff","background_color":"#00dafc","button_background_hover_color":"#4632da","border_radius":{"unit":"px","top":"30","right":"30","bottom":"30","left":"30","isLinked":true},"button_box_shadow_box_shadow_type":"yes","button_box_shadow_box_shadow":{"horizontal":0,"vertical":0,"blur":30,"spread":0,"color":"rgba(0,0,0,0.1)"},"align_mobile":"center"},"elements":[],"isInner":false,"widgetType":"button","elType":"widget"}],"isInner":"","elType":"column"}],"isInner":"","elType":"section"},{"id":"715b2296","settings":{"content_width":{"unit":"px","size":"1200","sizes":[]},"background_background":"classic","background_overlay_background":"classic","background_overlay_image":{"id":"468","url":"https:\/\/library.elementor.com\/wp-content\/uploads\/2019\/07\/Shapes-icons.png"},"background_overlay_position":"bottom right","background_overlay_repeat":"no-repeat","background_overlay_opacity":{"unit":"px","size":"1","sizes":[]},"css_filters_css_filter":"custom","css_filters_saturate":{"unit":"px","size":"200","sizes":[]},"css_filters_hue":{"unit":"px","size":"360","sizes":[]},"margin":{"unit":"%","top":"0","right":"0","bottom":"0","left":"0","isLinked":""},"margin_mobile":{"unit":"%","top":"15","right":"0","bottom":"0","left":"0","isLinked":""},"padding":{"unit":"%","top":"0","right":"0","bottom":"5","left":"0","isLinked":""},"_title":"Services","_timestamp_":"v1cDhTNkl3ZlQ3TFF5ZHIrMm5pK0MvZz09"},"elements":[{"id":"3b16422d","settings":{"_column_size":"100","padding":{"unit":"px","top":"0","right":"0","bottom":"0","left":"0","isLinked":"1"}},"elements":[{"id":"7a7c4dc2","settings":{"content_width":{"unit":"px","size":"1200","sizes":[]},"structure":"20","margin":{"unit":"px","top":"0","right":"0","bottom":"0","left":"0","isLinked":"1"},"margin_tablet":{"unit":"%","top":"15","right":"0","bottom":"0","left":"0","isLinked":""},"padding_tablet":{"unit":"%","top":"0","right":"5","bottom":"0","left":"5","isLinked":""},"_title":"Main Title Inner Section"},"elements":[{"id":"169f7c30","settings":{"_column_size":"50","_inline_size":"58.049","space_between_widgets":"5","padding_tablet":{"unit":"%","top":"","right":"","bottom":"","left":"","isLinked":"1"}},"elements":[{"id":"5cc5fd5d","settings":{"title":"We Solve Real Problems","title_color":"#4632da","typography_typography":"custom","typography_font_family":"Montserrat","typography_font_size":{"unit":"px","size":"20","sizes":[]},"typography_font_weight":"300","align_mobile":"center","typography_font_size_mobile":{"unit":"px","size":"18","sizes":[]},"typography_text_transform":"capitalize","header_size":"h3"},"elements":[],"isInner":false,"widgetType":"heading","elType":"widget"},{"id":"38c251aa","settings":{"title":"what can we do for you?","title_color":"#3d4459","typography_typography":"custom","typography_font_family":"Varela Round","typography_font_size":{"unit":"px","size":"45","sizes":[]},"typography_font_weight":"300","typography_line_height":{"unit":"em","size":"1.2","sizes":[]},"align_mobile":"center","typography_font_size_tablet":{"unit":"px","size":"35","sizes":[]},"typography_font_size_mobile":{"unit":"px","size":"32","sizes":[]},"typography_text_transform":"capitalize","motion_fx_motion_fx_scrolling":"yes","motion_fx_translateY_effect":"yes","motion_fx_translateY_speed":{"unit":"px","size":"0.5","sizes":[]},"motion_fx_translateY_affectedRange":{"unit":"%","size":"","sizes":{"start":"0","end":"50"}},"motion_fx_opacity_effect":"yes","motion_fx_opacity_range":{"unit":"%","size":"","sizes":{"start":"0","end":"50"}}},"elements":[],"isInner":false,"widgetType":"heading","elType":"widget"}],"isInner":"1","elType":"column"},{"id":"4b2b324","settings":{"_column_size":"50","_inline_size":"41.951","content_position":"center"},"elements":[{"id":"5ee38d66","settings":{"text":"More Services","link":{"url":"#about","is_external":"","nofollow":""},"align":"right","size":"md","selected_icon":{"value":"fas fa-arrow-right","library":"fa-solid"},"icon_align":"right","icon_indent":{"unit":"px","size":10,"sizes":[]},"typography_typography":"custom","typography_font_family":"Montserrat","typography_font_size":{"unit":"px","size":15,"sizes":[]},"typography_font_weight":"500","typography_text_transform":"capitalize","button_text_color":"#ffffff","background_color":"#4632da","button_background_hover_color":"#00dafc","border_radius":{"unit":"px","top":"30","right":"30","bottom":"30","left":"30","isLinked":true},"button_box_shadow_box_shadow_type":"yes","button_box_shadow_box_shadow":{"horizontal":0,"vertical":0,"blur":30,"spread":0,"color":"rgba(0,0,0,0.1)"},"align_mobile":"center"},"elements":[],"isInner":false,"widgetType":"button","elType":"widget"}],"isInner":"1","elType":"column"}],"isInner":"1","elType":"section"},{"id":"51e555de","settings":{"content_width":{"unit":"px","size":"1200","sizes":[]},"structure":"30","margin":{"unit":"px","top":"80","right":"0","bottom":"0","left":"0","isLinked":""},"margin_tablet":{"unit":"%","top":"5","right":"0","bottom":"0","left":"0","isLinked":""},"margin_mobile":{"unit":"%","top":"15","right":0,"bottom":"0","left":0,"isLinked":""},"padding_tablet":{"unit":"%","top":"0","right":"5","bottom":"0","left":"5","isLinked":""},"motion_fx_motion_fx_scrolling":"yes","motion_fx_translateY_effect":"yes","motion_fx_translateY_speed":{"unit":"px","size":"1","sizes":[]},"motion_fx_translateY_affectedRange":{"unit":"%","size":"","sizes":{"start":"0","end":"50"}},"motion_fx_opacity_effect":"yes","motion_fx_opacity_range":{"unit":"%","size":"","sizes":{"start":"0","end":"50"}},"motion_fx_devices":["desktop","tablet"],"_title":"Services Inner Section"},"elements":[{"id":"63d0e3b6","settings":{"_column_size":"33","background_background":"classic","background_color":"#ffffff","border_radius":{"unit":"px","top":"15","right":"15","bottom":"15","left":"70","isLinked":""},"box_shadow_box_shadow_type":"yes","box_shadow_box_shadow":{"horizontal":"0","vertical":"0","blur":"20","spread":"0","color":"rgba(0,0,0,0.05)"},"margin":{"unit":"%","top":"3","right":"3","bottom":"3","left":"3","isLinked":"1"},"padding":{"unit":"%","top":"14","right":"14","bottom":"14","left":"14","isLinked":"1"},"padding_tablet":{"unit":"%","top":"","right":"","bottom":"","left":"","isLinked":"1"},"padding_mobile":{"unit":"%","top":"10","right":"10","bottom":"10","left":"10","isLinked":"1"},"_title":"Column Service 1"},"elements":[{"id":"36c92a89","settings":{"image":{"id":"462","url":"https:\/\/library.elementor.com\/wp-content\/uploads\/2019\/07\/Group-11-Copy.png"},"title_text":"Social Media\u200b\u200b","description_text":"Lorem ipsum dolor sit orot amet, cons ctetur atrd piing elit.\u200b","image_size":{"unit":"%","size":"25","sizes":[]},"text_align":"left","text_align_mobile":"center","title_color":"#3d4459","title_typography_typography":"custom","title_typography_font_family":"Varela Round","title_typography_font_size":{"unit":"px","size":"20","sizes":[]},"title_typography_font_weight":"400","title_typography_text_transform":"capitalize","description_color":"#3d4459","description_typography_typography":"custom","description_typography_font_family":"Montserrat","description_typography_font_size":{"unit":"px","size":"16","sizes":[]},"description_typography_font_size_tablet":{"unit":"px","size":"15","sizes":[]},"description_typography_font_weight":"300","description_typography_line_height":{"unit":"em","size":"1.4","sizes":[]}},"elements":[],"isInner":false,"widgetType":"image-box","elType":"widget"},{"id":"38e5549","settings":{"text":"Learn More","align":"left","align_mobile":"center","icon":"fa fa-arrow-right","icon_align":"right","icon_indent":{"unit":"px","size":"10","sizes":[]},"typography_typography":"custom","typography_font_family":"Montserrat","typography_font_size":{"unit":"px","size":"15","sizes":[]},"button_text_color":"#4632da","background_color":"rgba(255,255,255,0)","text_padding":{"unit":"px","top":"0","right":"0","bottom":"0","left":"0","isLinked":"1"},"hover_animation":"grow","__fa4_migrated":{"selected_icon":"1"},"selected_icon":{"value":"fas fa-arrow-right","library":"fa-solid"}},"elements":[],"isInner":false,"widgetType":"button","elType":"widget"}],"isInner":"1","elType":"column"},{"id":"512ea1e8","settings":{"_column_size":"33","background_background":"classic","background_color":"#ffffff","border_radius":{"unit":"px","top":"15","right":"15","bottom":"15","left":"70","isLinked":""},"box_shadow_box_shadow_type":"yes","box_shadow_box_shadow":{"horizontal":"0","vertical":"0","blur":"20","spread":"0","color":"rgba(0,0,0,0.05)"},"margin":{"unit":"%","top":"3","right":"3","bottom":"3","left":"3","isLinked":"1"},"padding":{"unit":"%","top":"14","right":"14","bottom":"14","left":"14","isLinked":"1"},"padding_mobile":{"unit":"%","top":"10","right":"10","bottom":"10","left":"10","isLinked":"1"},"_title":"Column Service 2"},"elements":[{"id":"5794324f","settings":{"image":{"id":"463","url":"https:\/\/library.elementor.com\/wp-content\/uploads\/2019\/07\/Group-13-Copy.png"},"title_text":"SEO","description_text":"Lorem ipsum dolor sit orot amet, cons ctetur atrd piing elit.\u200b","image_size":{"unit":"%","size":"25","sizes":[]},"text_align":"left","text_align_mobile":"center","title_color":"#3d4459","title_typography_typography":"custom","title_typography_font_family":"Varela Round","title_typography_font_size":{"unit":"px","size":"20","sizes":[]},"title_typography_font_weight":"400","title_typography_text_transform":"capitalize","description_color":"#3d4459","description_typography_typography":"custom","description_typography_font_family":"Montserrat","description_typography_font_size":{"unit":"px","size":"16","sizes":[]},"description_typography_font_size_tablet":{"unit":"px","size":"15","sizes":[]},"description_typography_font_weight":"300","description_typography_line_height":{"unit":"em","size":"1.4","sizes":[]}},"elements":[],"isInner":false,"widgetType":"image-box","elType":"widget"},{"id":"445badcf","settings":{"text":"Learn More","align":"left","align_mobile":"center","icon":"fa fa-arrow-right","icon_align":"right","icon_indent":{"unit":"px","size":"10","sizes":[]},"typography_typography":"custom","typography_font_family":"Montserrat","typography_font_size":{"unit":"px","size":"15","sizes":[]},"button_text_color":"#4632da","background_color":"rgba(255,255,255,0)","text_padding":{"unit":"px","top":"0","right":"0","bottom":"0","left":"0","isLinked":"1"},"hover_animation":"grow","__fa4_migrated":{"selected_icon":"1"},"selected_icon":{"value":"fas fa-arrow-right","library":"fa-solid"}},"elements":[],"isInner":false,"widgetType":"button","elType":"widget"}],"isInner":"1","elType":"column"},{"id":"195e3d28","settings":{"_column_size":"33","background_background":"classic","background_color":"#ffffff","border_radius":{"unit":"px","top":"15","right":"15","bottom":"15","left":"70","isLinked":""},"box_shadow_box_shadow_type":"yes","box_shadow_box_shadow":{"horizontal":"0","vertical":"0","blur":"20","spread":"0","color":"rgba(0,0,0,0.05)"},"margin":{"unit":"%","top":"3","right":"3","bottom":"3","left":"3","isLinked":"1"},"padding":{"unit":"%","top":"14","right":"14","bottom":"14","left":"14","isLinked":"1"},"padding_mobile":{"unit":"%","top":"10","right":"10","bottom":"10","left":"10","isLinked":"1"},"_title":"Column Service 3"},"elements":[{"id":"27f6669d","settings":{"image":{"id":"464","url":"https:\/\/library.elementor.com\/wp-content\/uploads\/2019\/07\/Group-17.png"},"title_text":"PPC","description_text":"Lorem ipsum dolor sit orot amet, cons ctetur atrd piing elit.\u200b","image_size":{"unit":"%","size":"25","sizes":[]},"text_align":"left","text_align_mobile":"center","title_color":"#3d4459","title_typography_typography":"custom","title_typography_font_family":"Varela Round","title_typography_font_size":{"unit":"px","size":"20","sizes":[]},"title_typography_font_weight":"400","title_typography_text_transform":"capitalize","description_color":"#3d4459","description_typography_typography":"custom","description_typography_font_family":"Montserrat","description_typography_font_size":{"unit":"px","size":"16","sizes":[]},"description_typography_font_size_tablet":{"unit":"px","size":"15","sizes":[]},"description_typography_font_weight":"300","description_typography_line_height":{"unit":"em","size":"1.4","sizes":[]}},"elements":[],"isInner":false,"widgetType":"image-box","elType":"widget"},{"id":"48a6d126","settings":{"text":"Learn More","align":"left","align_mobile":"center","icon":"fa fa-arrow-right","icon_align":"right","icon_indent":{"unit":"px","size":"10","sizes":[]},"typography_typography":"custom","typography_font_family":"Montserrat","typography_font_size":{"unit":"px","size":"15","sizes":[]},"button_text_color":"#4632da","background_color":"rgba(255,255,255,0)","text_padding":{"unit":"px","top":"0","right":"0","bottom":"0","left":"0","isLinked":"1"},"hover_animation":"grow","selected_icon":{"value":"fas fa-arrow-right","library":"fa-solid"}},"elements":[],"isInner":false,"widgetType":"button","elType":"widget"}],"isInner":"1","elType":"column"}],"isInner":"1","elType":"section"},{"id":"2b1a0e66","settings":{"content_width":{"unit":"px","size":"1200","sizes":[]},"structure":"30","margin":{"unit":"px","top":"0","right":"0","bottom":"0","left":"0","isLinked":""},"padding_tablet":{"unit":"%","top":"0","right":"5","bottom":"0","left":"5","isLinked":""},"margin_tablet":{"unit":"%","top":"5","right":"0","bottom":"0","left":"0","isLinked":""},"margin_mobile":{"unit":"%","top":"0","right":"0","bottom":"0","left":"0","isLinked":""},"motion_fx_motion_fx_scrolling":"yes","motion_fx_translateY_effect":"yes","motion_fx_translateY_speed":{"unit":"px","size":"1","sizes":[]},"motion_fx_translateY_affectedRange":{"unit":"%","size":"","sizes":{"start":"0","end":"50"}},"motion_fx_opacity_effect":"yes","motion_fx_opacity_range":{"unit":"%","size":"","sizes":{"start":"0","end":"50"}},"motion_fx_devices":["desktop","tablet"],"_title":"Services Inner Section"},"elements":[{"id":"49ed9174","settings":{"_column_size":"33","background_background":"classic","background_color":"#ffffff","border_radius":{"unit":"px","top":"15","right":"15","bottom":"15","left":"70","isLinked":""},"box_shadow_box_shadow_type":"yes","box_shadow_box_shadow":{"horizontal":"0","vertical":"0","blur":"20","spread":"0","color":"rgba(0,0,0,0.05)"},"margin":{"unit":"%","top":"3","right":"3","bottom":"3","left":"3","isLinked":"1"},"padding":{"unit":"%","top":"14","right":"14","bottom":"14","left":"14","isLinked":"1"},"padding_mobile":{"unit":"%","top":"10","right":"10","bottom":"10","left":"10","isLinked":"1"},"_title":"Column Service 4"},"elements":[{"id":"4297f04a","settings":{"image":{"id":"465","url":"https:\/\/library.elementor.com\/wp-content\/uploads\/2019\/07\/Group-21.png"},"title_text":"Strategy\u200b\u200b","description_text":"Lorem ipsum dolor sit orot amet, cons ctetur atrd piing elit.\u200b","image_size":{"unit":"%","size":"25","sizes":[]},"text_align":"left","text_align_mobile":"center","title_color":"#3d4459","title_typography_typography":"custom","title_typography_font_family":"Varela Round","title_typography_font_size":{"unit":"px","size":"20","sizes":[]},"title_typography_font_weight":"400","title_typography_text_transform":"capitalize","description_color":"#3d4459","description_typography_typography":"custom","description_typography_font_family":"Montserrat","description_typography_font_size":{"unit":"px","size":"16","sizes":[]},"description_typography_font_size_tablet":{"unit":"px","size":"15","sizes":[]},"description_typography_font_weight":"300","description_typography_line_height":{"unit":"em","size":"1.4","sizes":[]}},"elements":[],"isInner":false,"widgetType":"image-box","elType":"widget"},{"id":"705b3ae6","settings":{"text":"Learn More","align":"left","align_mobile":"center","icon":"fa fa-arrow-right","icon_align":"right","icon_indent":{"unit":"px","size":"10","sizes":[]},"typography_typography":"custom","typography_font_family":"Montserrat","typography_font_size":{"unit":"px","size":"15","sizes":[]},"button_text_color":"#4632da","background_color":"rgba(255,255,255,0)","text_padding":{"unit":"px","top":"0","right":"0","bottom":"0","left":"0","isLinked":"1"},"hover_animation":"grow","selected_icon":{"value":"fas fa-arrow-right","library":"fa-solid"}},"elements":[],"isInner":false,"widgetType":"button","elType":"widget"}],"isInner":"1","elType":"column"},{"id":"5c6ae49b","settings":{"_column_size":"33","background_background":"classic","background_color":"#ffffff","border_radius":{"unit":"px","top":"15","right":"15","bottom":"15","left":"70","isLinked":""},"box_shadow_box_shadow_type":"yes","box_shadow_box_shadow":{"horizontal":"0","vertical":"0","blur":"20","spread":"0","color":"rgba(0,0,0,0.05)"},"margin":{"unit":"%","top":"3","right":"3","bottom":"3","left":"3","isLinked":"1"},"padding":{"unit":"%","top":"14","right":"14","bottom":"14","left":"14","isLinked":"1"},"padding_mobile":{"unit":"%","top":"10","right":"10","bottom":"10","left":"10","isLinked":"1"},"_title":"Column Service 5"},"elements":[{"id":"5177faa1","settings":{"image":{"id":"466","url":"https:\/\/library.elementor.com\/wp-content\/uploads\/2019\/07\/Group-20.png"},"title_text":"Web Design\u200b","description_text":"Lorem ipsum dolor sit orot amet, cons ctetur atrd piing elit.\u200b","image_size":{"unit":"%","size":"25","sizes":[]},"text_align":"left","text_align_mobile":"center","title_color":"#3d4459","title_typography_typography":"custom","title_typography_font_family":"Varela Round","title_typography_font_size":{"unit":"px","size":"20","sizes":[]},"title_typography_font_weight":"400","title_typography_text_transform":"capitalize","description_color":"#3d4459","description_typography_typography":"custom","description_typography_font_family":"Montserrat","description_typography_font_size":{"unit":"px","size":"16","sizes":[]},"description_typography_font_size_tablet":{"unit":"px","size":"15","sizes":[]},"description_typography_font_weight":"300","description_typography_line_height":{"unit":"em","size":"1.4","sizes":[]}},"elements":[],"isInner":false,"widgetType":"image-box","elType":"widget"},{"id":"2e2019e3","settings":{"text":"Learn More","align":"left","align_mobile":"center","icon":"fa fa-arrow-right","icon_align":"right","icon_indent":{"unit":"px","size":"10","sizes":[]},"typography_typography":"custom","typography_font_family":"Montserrat","typography_font_size":{"unit":"px","size":"15","sizes":[]},"button_text_color":"#4632da","background_color":"rgba(255,255,255,0)","text_padding":{"unit":"px","top":"0","right":"0","bottom":"0","left":"0","isLinked":"1"},"hover_animation":"grow","selected_icon":{"value":"fas fa-arrow-right","library":"fa-solid"}},"elements":[],"isInner":false,"widgetType":"button","elType":"widget"}],"isInner":"1","elType":"column"},{"id":"1c1ad203","settings":{"_column_size":"33","background_background":"classic","background_color":"#ffffff","border_radius":{"unit":"px","top":"15","right":"15","bottom":"15","left":"70","isLinked":""},"box_shadow_box_shadow_type":"yes","box_shadow_box_shadow":{"horizontal":"0","vertical":"0","blur":"20","spread":"0","color":"rgba(0,0,0,0.05)"},"margin":{"unit":"%","top":"3","right":"3","bottom":"3","left":"3","isLinked":"1"},"padding":{"unit":"%","top":"14","right":"14","bottom":"14","left":"14","isLinked":"1"},"padding_mobile":{"unit":"%","top":"10","right":"10","bottom":"10","left":"10","isLinked":"1"},"_title":"Column Service 6"},"elements":[{"id":"484c928c","settings":{"image":{"id":"467","url":"https:\/\/library.elementor.com\/wp-content\/uploads\/2019\/07\/content-icon-new.png"},"title_text":"Content Marketing\u200b","description_text":"Lorem ipsum dolor sit orot amet, cons ctetur atrd piing elit.\u200b","image_size":{"unit":"%","size":"25","sizes":[]},"text_align":"left","text_align_mobile":"center","title_color":"#3d4459","title_typography_typography":"custom","title_typography_font_family":"Varela Round","title_typography_font_size":{"unit":"px","size":"20","sizes":[]},"title_typography_font_weight":"400","title_typography_text_transform":"capitalize","description_color":"#3d4459","description_typography_typography":"custom","description_typography_font_family":"Montserrat","description_typography_font_size":{"unit":"px","size":"16","sizes":[]},"description_typography_font_size_tablet":{"unit":"px","size":"15","sizes":[]},"description_typography_font_weight":"300","description_typography_line_height":{"unit":"em","size":"1.4","sizes":[]}},"elements":[],"isInner":false,"widgetType":"image-box","elType":"widget"},{"id":"71df658d","settings":{"text":"Learn More","align":"left","align_mobile":"center","icon":"fa fa-arrow-right","icon_align":"right","icon_indent":{"unit":"px","size":"10","sizes":[]},"typography_typography":"custom","typography_font_family":"Montserrat","typography_font_size":{"unit":"px","size":"15","sizes":[]},"button_text_color":"#4632da","background_color":"rgba(255,255,255,0)","text_padding":{"unit":"px","top":"0","right":"0","bottom":"0","left":"0","isLinked":"1"},"hover_animation":"grow","selected_icon":{"value":"fas fa-arrow-right","library":"fa-solid"}},"elements":[],"isInner":false,"widgetType":"button","elType":"widget"}],"isInner":"1","elType":"column"}],"isInner":"1","elType":"section"}],"isInner":"","elType":"column"}],"isInner":"","elType":"section"},{"id":"494bf388","settings":{"content_width":{"unit":"px","size":"1200","sizes":[]},"structure":"30","background_background":"classic","background_overlay_background":"classic","background_overlay_image":{"id":"472","url":"https:\/\/library.elementor.com\/wp-content\/uploads\/2019\/07\/BG-TEAN-Home.png"},"background_overlay_position":"bottom center","background_overlay_repeat":"no-repeat","background_overlay_size":"contain","background_overlay_opacity":{"unit":"px","size":"1","sizes":[]},"padding":{"unit":"px","top":"200","right":"0","bottom":"200","left":"0","isLinked":""},"_title":"Team","background_overlay_position_tablet":"initial","background_overlay_xpos_tablet":{"unit":"px","size":"130","sizes":[]},"background_overlay_ypos_tablet":{"unit":"px","size":"670","sizes":[]},"margin_mobile":{"unit":"px","top":"","right":"0","bottom":"","left":"0","isLinked":"1"},"padding_mobile":{"unit":"px","top":"150","right":"0","bottom":"100","left":"0","isLinked":""},"reverse_order_tablet":"reverse-tablet","reverse_order_mobile":"reverse-mobile","_timestamp_":"v1cDhTNkl3ZlQ3TFF5ZHIrMm5pK0MvZz09"},"elements":[{"id":"e272e1c","settings":{"_column_size":"33","_inline_size_tablet":"50","padding_tablet":{"unit":"px","top":"31","right":"31","bottom":"31","left":"31","isLinked":"1"},"_title":"Column Team Member 1"},"elements":[{"id":"545a041e","settings":{"bg_image":{"id":"469","url":"https:\/\/library.elementor.com\/wp-content\/uploads\/2019\/07\/Team-5.png"},"title":"Timothy Powell","description":"Creative Director","button":"","min-height":{"unit":"px","size":"100","sizes":[]},"vertical_position":"middle","padding":{"unit":"px","top":"0","right":"0","bottom":"0","left":"0","isLinked":"1"},"image_min_height":{"unit":"px","size":"260","sizes":[]},"title_typography_typography":"custom","title_typography_font_family":"Varela Round","title_typography_font_size":{"unit":"px","size":"20","sizes":[]},"title_typography_font_weight":"300","title_spacing":{"unit":"px","size":"10","sizes":[]},"description_typography_typography":"custom","description_typography_font_family":"Montserrat","description_typography_font_size":{"unit":"px","size":"16","sizes":[]},"description_typography_font_weight":"300","content_bg_color":"#ffffff","title_color":"#00dafc","description_color":"#3d4459","_border_radius":{"unit":"px","top":"30","right":"30","bottom":"30","left":"30","isLinked":"1"},"_border_radius_tablet":{"unit":"px","top":"10","right":"10","bottom":"10","left":"10","isLinked":"1"},"_box_shadow_box_shadow_type":"yes","_box_shadow_box_shadow":{"horizontal":"0","vertical":"0","blur":"30","spread":"0","color":"rgba(0,0,0,0.08)"},"graphic_image":{"id":"470","url":"https:\/\/library.elementor.com\/wp-content\/uploads\/2019\/07\/placeholder-1.png"}},"elements":[],"isInner":false,"widgetType":"call-to-action","elType":"widget"}],"isInner":"","elType":"column"},{"id":"3f941444","settings":{"_column_size":"33","_inline_size_tablet":"50","padding_tablet":{"unit":"px","top":"30","right":"30","bottom":"30","left":"30","isLinked":"1"},"_title":"Column Team Member 2"},"elements":[{"id":"a809d75","settings":{"bg_image":{"id":"471","url":"https:\/\/library.elementor.com\/wp-content\/uploads\/2019\/07\/Team-8.png"},"title":"Lisa R. Boone","description":"PPC Ninja","button":"","min-height":{"unit":"px","size":"100","sizes":[]},"vertical_position":"middle","padding":{"unit":"px","top":"0","right":"0","bottom":"0","left":"0","isLinked":"1"},"image_min_height":{"unit":"px","size":"260","sizes":[]},"title_typography_typography":"custom","title_typography_font_family":"Varela Round","title_typography_font_size":{"unit":"px","size":"20","sizes":[]},"title_typography_font_weight":"300","title_spacing":{"unit":"px","size":"10","sizes":[]},"description_typography_typography":"custom","description_typography_font_family":"Montserrat","description_typography_font_size":{"unit":"px","size":"16","sizes":[]},"description_typography_font_weight":"300","content_bg_color":"#ffffff","title_color":"#00dafc","description_color":"#3d4459","_border_radius":{"unit":"px","top":"30","right":"30","bottom":"30","left":"30","isLinked":"1"},"_border_radius_tablet":{"unit":"px","top":"10","right":"10","bottom":"10","left":"10","isLinked":"1"},"_box_shadow_box_shadow_type":"yes","_box_shadow_box_shadow":{"horizontal":"0","vertical":"0","blur":"30","spread":"0","color":"rgba(0,0,0,0.08)"},"graphic_image":{"id":"470","url":"https:\/\/library.elementor.com\/wp-content\/uploads\/2019\/07\/placeholder-1.png"}},"elements":[],"isInner":false,"widgetType":"call-to-action","elType":"widget"}],"isInner":"","elType":"column"},{"id":"3b04cc9","settings":{"_column_size":"33","content_position":"center","padding":{"unit":"px","top":"0","right":"0","bottom":"0","left":"50","isLinked":""},"_inline_size_tablet":"100","padding_tablet":{"unit":"px","top":"20","right":"20","bottom":"20","left":"20","isLinked":"1"},"_title":"Content Column"},"elements":[{"id":"261a91bb","settings":{"title":"our work inspires smiles","title_color":"#3d4459","typography_typography":"custom","typography_font_family":"Montserrat","typography_font_size":{"unit":"px","size":"20","sizes":[]},"typography_font_weight":"300","align_mobile":"center","typography_font_size_mobile":{"unit":"px","size":"18","sizes":[]},"typography_text_transform":"capitalize","header_size":"h3","align_tablet":"center"},"elements":[],"isInner":false,"widgetType":"heading","elType":"widget"},{"id":"6fe04b56","settings":{"title":"The Faces\nBehind Our Success","title_color":"#4632da","typography_typography":"custom","typography_font_family":"Varela Round","typography_font_size":{"unit":"px","size":"45","sizes":[]},"typography_font_weight":"300","typography_line_height":{"unit":"em","size":"1.2","sizes":[]},"align_mobile":"center","typography_font_size_tablet":{"unit":"px","size":"35","sizes":[]},"typography_font_size_mobile":{"unit":"px","size":"30","sizes":[]},"typography_text_transform":"capitalize","typography_line_height_mobile":{"unit":"em","size":"1.4","sizes":[]},"motion_fx_motion_fx_scrolling":"yes","motion_fx_translateY_effect":"yes","motion_fx_translateY_speed":{"unit":"px","size":"0.5","sizes":[]},"motion_fx_translateY_affectedRange":{"unit":"%","size":"","sizes":{"start":"0","end":"50"}},"motion_fx_opacity_effect":"yes","motion_fx_opacity_range":{"unit":"%","size":"","sizes":{"start":"0","end":"50"}},"motion_fx_devices":["desktop","mobile"],"align_tablet":"center"},"elements":[],"isInner":false,"widgetType":"heading","elType":"widget"},{"id":"5fa1c07a","settings":{"text":"Meet The Team","link":{"url":"#about","is_external":"","nofollow":""},"size":"md","selected_icon":{"value":"fas fa-arrow-right","library":"fa-solid"},"icon_align":"right","icon_indent":{"unit":"px","size":10,"sizes":[]},"typography_typography":"custom","typography_font_family":"Montserrat","typography_font_size":{"unit":"px","size":15,"sizes":[]},"typography_font_weight":"500","typography_text_transform":"capitalize","button_text_color":"#ffffff","background_color":"#00dafc","button_background_hover_color":"#4632da","border_radius":{"unit":"px","top":"30","right":"30","bottom":"30","left":"30","isLinked":true},"button_box_shadow_box_shadow_type":"yes","button_box_shadow_box_shadow":{"horizontal":0,"vertical":0,"blur":30,"spread":0,"color":"rgba(0,0,0,0.1)"},"_margin":{"unit":"px","top":"30","right":"0","bottom":"0","left":"0","isLinked":false},"align_tablet":"center"},"elements":[],"isInner":false,"widgetType":"button","elType":"widget"}],"isInner":"","elType":"column"}],"isInner":"","elType":"section"},{"id":"1f5adf90","settings":{"content_width":{"unit":"px","size":"1200","sizes":[]},"structure":"21","background_background":"classic","background_overlay_background":"classic","background_overlay_image":{"id":"476","url":"https:\/\/library.elementor.com\/wp-content\/uploads\/2019\/07\/BG-Testemonials-home-page.png"},"background_overlay_position":"center center","background_overlay_xpos":{"unit":"px","size":"-17","sizes":[]},"background_overlay_ypos":{"unit":"px","size":"181","sizes":[]},"background_overlay_repeat":"no-repeat","background_overlay_size":"cover","background_overlay_opacity":{"unit":"px","size":"1","sizes":[]},"_title":"Testimonial","background_overlay_position_tablet":"initial","background_overlay_xpos_tablet":{"unit":"px","size":"198","sizes":[]},"background_overlay_ypos_tablet":{"unit":"px","size":"120","sizes":[]},"background_overlay_size_tablet":"cover","background_overlay_bg_width_tablet":{"unit":"px","size":"1000","sizes":[]},"padding_tablet":{"unit":"px","top":"50","right":"0","bottom":"0","left":"0","isLinked":""},"margin_mobile":{"unit":"px","top":"","right":"0","bottom":"","left":"0","isLinked":"1"},"height":"min-height","custom_height":{"unit":"px","size":"620","sizes":[]},"custom_height_mobile":{"unit":"px","size":"450","sizes":[]},"_timestamp_":"v1cDhTNkl3ZlQ3TFF5ZHIrMm5pK0MvZz09"},"elements":[{"id":"580e3bf5","settings":{"_column_size":"33","content_position":"center","_inline_size_tablet":"100","padding_tablet":{"unit":"px","top":"0","right":"0","bottom":"30","left":"0","isLinked":""},"padding_mobile":{"unit":"px","top":"20","right":"20","bottom":"20","left":"20","isLinked":"1"},"_title":"Content Column"},"elements":[{"id":"2d3f1889","settings":{"title":"we love them","title_color":"#4632da","typography_typography":"custom","typography_font_family":"Montserrat","typography_font_size":{"unit":"px","size":"20","sizes":[]},"typography_font_weight":"300","align_mobile":"center","typography_font_size_mobile":{"unit":"px","size":"18","sizes":[]},"typography_text_transform":"capitalize","header_size":"h3","align_tablet":"center"},"elements":[],"isInner":false,"widgetType":"heading","elType":"widget"},{"id":"575b7e8c","settings":{"title":"what our clients have to say","title_color":"#3d4459","typography_typography":"custom","typography_font_family":"Varela Round","typography_font_size":{"unit":"px","size":"45","sizes":[]},"typography_font_weight":"300","typography_line_height":{"unit":"em","size":"1.2","sizes":[]},"align_mobile":"center","typography_font_size_tablet":{"unit":"px","size":"35","sizes":[]},"typography_font_size_mobile":{"unit":"px","size":"32","sizes":[]},"typography_text_transform":"capitalize","motion_fx_motion_fx_scrolling":"yes","motion_fx_translateY_effect":"yes","motion_fx_translateY_speed":{"unit":"px","size":"0.5","sizes":[]},"motion_fx_translateY_affectedRange":{"unit":"%","size":"","sizes":{"start":"0","end":"50"}},"motion_fx_opacity_effect":"yes","motion_fx_opacity_range":{"unit":"%","size":"","sizes":{"start":"0","end":"50"}},"_padding":{"unit":"px","top":"0","right":"0","bottom":"0","left":"0","isLinked":""},"align_tablet":"center","_padding_tablet":{"unit":"px","top":"0","right":"0","bottom":"0","left":"0","isLinked":"1"}},"elements":[],"isInner":false,"widgetType":"heading","elType":"widget"}],"isInner":"","elType":"column"},{"id":"15ab2114","settings":{"_column_size":"66","_inline_size_tablet":"100","_title":"Testimonial Column"},"elements":[{"id":"254a5a50","settings":{"slides":[{"content":"\u201cLorem ipsum dolor sit amet, contur ading elit, sed do eiusmod tempor incididunt ut labore et dolore magna aliqua.\"","name":"Sophie Leonard","title":"CEO shark","image":{"id":"473","url":"https:\/\/library.elementor.com\/wp-content\/uploads\/2019\/07\/Testimonial-3-1.png"},"_id":"e4541bc"},{"content":"\u201cLorem ipsum dolor sit amet, contur ading elit, sed do eiusmod tempor incididunt ut labore et dolore magna aliqua.\"","name":"Herman Norton","title":"Studio Director","image":{"id":"474","url":"https:\/\/library.elementor.com\/wp-content\/uploads\/2019\/07\/Testimonial-1.png"},"_id":"25ef0e5"},{"content":"\u201cLorem ipsum dolor sit amet, contur ading elit, sed do eiusmod tempor incididunt ut labore et dolore magna aliqua.\"","name":"Amanda Parks","title":"CYBERO","image":{"id":"475","url":"https:\/\/library.elementor.com\/wp-content\/uploads\/2019\/07\/Testimonial-2.png"},"_id":"eceaafc"}],"layout":"image_left","alignment":"left","slides_to_scroll":"1","width":{"unit":"%","size":"100","sizes":[]},"show_arrows":"","pagination":"","autoplay_speed":"3500","space_between":{"unit":"px","size":"","sizes":[]},"content_gap":{"unit":"px","size":"50","sizes":[]},"content_color":"#3d4459","content_typography_typography":"custom","content_typography_font_family":"Montserrat","content_typography_font_size":{"unit":"px","size":"20","sizes":[]},"content_typography_font_weight":"300","content_typography_font_style":"normal","name_color":"#4632da","name_typography_typography":"custom","name_typography_font_family":"Varela Round","name_typography_font_size":{"unit":"px","size":"16","sizes":[]},"name_typography_font_style":"normal","title_color":"#3d4459","title_typography_typography":"custom","title_typography_font_family":"Montserrat","title_typography_font_size":{"unit":"px","size":"14","sizes":[]},"title_typography_font_style":"normal","image_size":{"unit":"px","size":"195","sizes":[]},"image_border_radius":{"unit":"px","size":"15","sizes":[]},"slides_per_view_tablet":"1","slides_per_view_mobile":"1","width_mobile":{"unit":"%","size":"100","sizes":[]},"image_size_mobile":{"unit":"px","size":"70","sizes":[]},"content_gap_mobile":{"unit":"px","size":"10","sizes":[]},"content_typography_font_size_mobile":{"unit":"px","size":"18","sizes":[]},"title_typography_text_transform":"capitalize","content_typography_line_height":{"unit":"em","size":"1.5","sizes":[]}},"elements":[],"isInner":false,"widgetType":"testimonial-carousel","elType":"widget"}],"isInner":"","elType":"column"}],"isInner":"","elType":"section"},{"id":"13b60fd9","settings":{"content_width":{"unit":"px","size":"1200","sizes":[]},"margin":{"unit":"%","top":"5","right":"0","bottom":"15","left":"0","isLinked":""},"margin_tablet":{"unit":"%","top":"20","right":"0","bottom":"20","left":"0","isLinked":"1"},"margin_mobile":{"unit":"px","top":"100","right":"0","bottom":"100","left":"0","isLinked":""},"padding_tablet":{"unit":"%","top":"0","right":"5","bottom":"0","left":"5","isLinked":""},"_title":"Clients","_timestamp_":"v1cDhTNkl3ZlQ3TFF5ZHIrMm5pK0MvZz09"},"elements":[{"id":"737737ed","settings":{"_column_size":"100"},"elements":[{"id":"4db3eaa6","settings":{"title":"Meet Our Clients","title_color":"#3d4459","typography_typography":"custom","typography_font_family":"Montserrat","typography_font_size":{"unit":"px","size":"20","sizes":[]},"typography_font_weight":"300","align":"center","typography_font_size_mobile":{"unit":"px","size":"18","sizes":[]},"typography_text_transform":"capitalize","header_size":"h3"},"elements":[],"isInner":false,"widgetType":"heading","elType":"widget"},{"id":"d36816","settings":{"title":"They Believe In Us","title_color":"#4632da","typography_typography":"custom","typography_font_family":"Varela Round","typography_font_size":{"unit":"px","size":"45","sizes":[]},"typography_font_weight":"300","typography_line_height":{"unit":"em","size":"1.2","sizes":[]},"align":"center","typography_font_size_tablet":{"unit":"px","size":"35","sizes":[]},"typography_font_size_mobile":{"unit":"px","size":"30","sizes":[]},"typography_text_transform":"capitalize","_margin":{"unit":"px","top":"-15","right":"0","bottom":"0","left":"0","isLinked":""},"motion_fx_motion_fx_scrolling":"yes","motion_fx_translateY_effect":"yes","motion_fx_translateY_speed":{"unit":"px","size":"0.5","sizes":[]},"motion_fx_translateY_affectedRange":{"unit":"%","size":"","sizes":{"start":"0","end":"50"}},"motion_fx_opacity_effect":"yes","motion_fx_opacity_range":{"unit":"%","size":"","sizes":{"start":"0","end":"50"}}},"elements":[],"isInner":false,"widgetType":"heading","elType":"widget"},{"id":"6b6b7918","settings":{"editor":"<p>Lorem ipsum dolor sit orot amet, consectetur adip scing<br \/>elit. Proin rutrum euismod dolor, ultricies aliq luam off<br \/>kool or taka ekolor.<\/p>","text_color":"#3d4459","typography_typography":"custom","typography_font_family":"Montserrat","typography_font_weight":"200","align":"center","align_mobile":"center","typography_font_size":{"unit":"px","size":"16","sizes":[]},"typography_line_height":{"unit":"em","size":"1.4","sizes":[]}},"elements":[],"isInner":false,"widgetType":"text-editor","elType":"widget"},{"id":"33f5f14c","settings":{"carousel":[{"id":"477","url":"https:\/\/library.elementor.com\/wp-content\/uploads\/2019\/07\/3.png"},{"id":"478","url":"https:\/\/library.elementor.com\/wp-content\/uploads\/2019\/07\/4.png"},{"id":"479","url":"https:\/\/library.elementor.com\/wp-content\/uploads\/2019\/07\/8.png"},{"id":"480","url":"https:\/\/library.elementor.com\/wp-content\/uploads\/2019\/07\/13.png"},{"id":"481","url":"https:\/\/library.elementor.com\/wp-content\/uploads\/2019\/07\/14.png"},{"id":"482","url":"https:\/\/library.elementor.com\/wp-content\/uploads\/2019\/07\/16.png"},{"id":"483","url":"https:\/\/library.elementor.com\/wp-content\/uploads\/2019\/07\/1.png"}],"thumbnail_size":"full","slides_to_show":"5","slides_to_show_tablet":"3","slides_to_scroll":"1","slides_to_scroll_tablet":"1","navigation":"none","dots_size":{"unit":"px","size":"7","sizes":[]},"dots_color":"#4632da","image_spacing":"custom","image_spacing_custom":{"unit":"px","size":"0","sizes":[]},"_margin":{"unit":"px","top":"50","right":"0","bottom":"0","left":"0","isLinked":""},"pause_on_hover":"no","autoplay_speed":"3000","gallery_vertical_align":"center","_margin_mobile":{"unit":"px","top":"0","right":"0","bottom":"0","left":"0","isLinked":"1"}},"elements":[],"isInner":false,"widgetType":"image-carousel","elType":"widget"}],"isInner":"","elType":"column"}],"isInner":"","elType":"section"},{"id":"3aa1f0e7","settings":{"content_width":{"unit":"px","size":"1200","sizes":[]},"custom_height":{"unit":"px","size":"665","sizes":[]},"structure":"20","background_background":"gradient","background_color":"#0700dd","background_color_b":"#00f2ff","background_color_b_stop":{"unit":"%","size":"89","sizes":[]},"background_gradient_angle":{"unit":"deg","size":"130","sizes":[]},"background_overlay_background":"classic","background_overlay_image":{"id":"485","url":"https:\/\/library.elementor.com\/wp-content\/uploads\/2019\/07\/CTA-Shapes.png"},"background_overlay_position":"center center","background_overlay_position_tablet":"center left","background_overlay_xpos":{"unit":"px","size":"-133","sizes":[]},"background_overlay_ypos":{"unit":"px","size":"-89","sizes":[]},"background_overlay_repeat":"no-repeat","background_overlay_size":"cover","background_overlay_opacity":{"unit":"px","size":"0.15","sizes":[]},"shape_divider_top":"waves","shape_divider_top_width":{"unit":"%","size":"230","sizes":[]},"shape_divider_top_height":{"unit":"px","size":"100","sizes":[]},"shape_divider_top_height_tablet":{"unit":"px","size":"70","sizes":[]},"shape_divider_top_flip":"yes","shape_divider_bottom_width":{"unit":"%","size":"260","sizes":[]},"shape_divider_bottom_height":{"unit":"px","size":"120","sizes":[]},"shape_divider_bottom_flip":"yes","padding":{"unit":"px","top":"0","right":"0","bottom":"50","left":"0","isLinked":""},"padding_tablet":{"unit":"%","top":"5","right":"5","bottom":"5","left":"5","isLinked":""},"padding_mobile":{"unit":"%","top":"15","right":"5","bottom":"5","left":"5","isLinked":""},"_title":"CTA","_timestamp_":"v1cDhTNkl3ZlQ3TFF5ZHIrMm5pK0MvZz09"},"elements":[{"id":"3ab99be5","settings":{"_column_size":"50","content_position":"center","padding":{"unit":"px","top":"50","right":"30","bottom":"0","left":"0","isLinked":""},"padding_mobile":{"unit":"%","top":"5","right":"5","bottom":"5","left":"5","isLinked":"1"},"padding_tablet":{"unit":"px","top":"0","right":"0","bottom":"0","left":"0","isLinked":"1"},"_title":"Content Column"},"elements":[{"id":"a4297bb","settings":{"title":"Do You Want To Boost Your Business?","title_color":"#ffffff","typography_typography":"custom","typography_font_family":"Varela Round","typography_font_size":{"unit":"px","size":"45","sizes":[]},"typography_font_weight":"300","typography_line_height":{"unit":"em","size":"1.2","sizes":[]},"align":"left","align_mobile":"center","typography_font_size_tablet":{"unit":"px","size":"34","sizes":[]},"typography_font_size_mobile":{"unit":"px","size":"28","sizes":[]},"typography_text_transform":"capitalize","header_size":"h4"},"elements":[],"isInner":false,"widgetType":"heading","elType":"widget"},{"id":"4a2c2d2a","settings":{"title":"drop us a line and keep in touch","title_color":"#ffffff","typography_typography":"custom","typography_font_family":"Montserrat","typography_font_size":{"unit":"px","size":"20","sizes":[]},"typography_font_weight":"400","align":"left","align_mobile":"center","typography_text_transform":"capitalize"},"elements":[],"isInner":false,"widgetType":"heading","elType":"widget"},{"id":"3b96c35a","settings":{"text":"Contact Us","link":{"url":"#about","is_external":"","nofollow":""},"size":"md","selected_icon":{"value":"fas fa-arrow-right","library":"fa-solid"},"icon_align":"right","icon_indent":{"unit":"px","size":10,"sizes":[]},"typography_typography":"custom","typography_font_family":"Montserrat","typography_font_size":{"unit":"px","size":15,"sizes":[]},"typography_font_weight":"500","typography_text_transform":"capitalize","button_text_color":"#00dafc","background_color":"#ffffff","hover_color":"#ffffff","button_background_hover_color":"#00dafc","border_radius":{"unit":"px","top":"30","right":"30","bottom":"30","left":"30","isLinked":true},"button_box_shadow_box_shadow_type":"yes","button_box_shadow_box_shadow":{"horizontal":0,"vertical":0,"blur":30,"spread":0,"color":"rgba(0,0,0,0.1)"},"_margin":{"unit":"px","top":"50","right":"0","bottom":"0","left":"0","isLinked":false},"align_mobile":"center","_margin_tablet":{"unit":"px","top":"20","right":"0","bottom":"0","left":"0","isLinked":false}},"elements":[],"isInner":false,"widgetType":"button","elType":"widget"}],"isInner":"","elType":"column"},{"id":"7446b444","settings":{"_column_size":"50","padding_tablet":{"unit":"px","top":"0","right":"0","bottom":"0","left":"020","isLinked":""},"padding":{"unit":"px","top":"0","right":"0","bottom":"0","left":"0","isLinked":"1"},"_title":"Image Column"},"elements":[{"id":"4e2512f3","settings":{"image":{"id":"484","url":"https:\/\/library.elementor.com\/wp-content\/uploads\/2019\/07\/CTA-Home-page-New.png"},"image_size":"full","image_border_radius":{"unit":"px","top":"300","right":"100","bottom":"100","left":"100","isLinked":""},"image_box_shadow_box_shadow_type":"yes","image_box_shadow_box_shadow":{"horizontal":"0","vertical":"0","blur":"30","spread":"0","color":"rgba(0,0,0,0.12)"},"_margin":{"unit":"%","top":"-10","right":"0","bottom":"0","left":"0","isLinked":""},"_element_custom_width":{"unit":"px","size":"540","sizes":[]},"_offset_x":{"size":"0","unit":"px"},"_offset_y":{"size":"0","unit":"px"},"_margin_tablet":{"unit":"%","top":"-16","right":"0","bottom":"0","left":"0","isLinked":""},"_margin_mobile":{"unit":"%","top":"20","right":"0","bottom":"-15","left":"0","isLinked":""},"align":"right","motion_fx_motion_fx_scrolling":"yes","motion_fx_translateY_effect":"yes","motion_fx_translateY_direction":"negative","motion_fx_translateY_speed":{"unit":"px","size":"1","sizes":[]},"motion_fx_devices":["desktop","tablet"],"motion_fx_translateY_affectedRange":{"unit":"%","size":"","sizes":{"start":"0","end":"50"}}},"elements":[],"isInner":false,"widgetType":"image","elType":"widget"}],"isInner":"","elType":"column"}],"isInner":"","elType":"section"}]}