{"version":"0.4","title":"da","type":"popup","content":[{"id":"66afd2dd","settings":{"content_width":{"unit":"px","size":"800","sizes":[]},"height":"min-height","custom_height":{"unit":"px","size":"700","sizes":[]},"column_position":"stretch","background_background":"classic","background_image":{"id":"227","url":"https:\/\/library.elementor.com\/wp-content\/uploads\/2019\/07\/Bg-popUp.png"},"background_position":"center center","background_repeat":"no-repeat","background_size":"initial","background_bg_width":{"unit":"%","size":"85","sizes":[]},"background_motion_fx_mouseTrack_effect":"yes","background_motion_fx_mouseTrack_speed":{"unit":"px","size":"0.5","sizes":[]},"padding":{"unit":"%","top":"0","right":"13","bottom":"0","left":"3","isLinked":""},"background_position_mobile":"initial","background_ypos_mobile":{"unit":"px","size":"310","sizes":[]},"background_size_mobile":"initial","background_bg_width_mobile":{"unit":"%","size":"95","sizes":[]},"padding_tablet":{"unit":"%","top":"0","right":"12","bottom":"0","left":"8","isLinked":""},"padding_mobile":{"unit":"px","top":"0","right":"30","bottom":"0","left":"30","isLinked":""},"background_motion_fx_motion_fx_mouse":"yes","background_motion_fx_mouseTrack_direction":"negative","background_xpos_mobile":{"unit":"px","size":"20","sizes":[]},"_title":"Popup","_timestamp_":"v1SDFjekxBS1VybHBXTnhqUERIc1M5UT09"},"elements":[{"id":"6b8009da","settings":{"_column_size":"100","content_position":"center","align":"center"},"elements":[{"id":"61b16293","settings":{"image":{"id":"225","url":"https:\/\/library.elementor.com\/wp-content\/uploads\/2019\/07\/small_c_popup.png"},"image_size":"custom","image_custom_dimension":{"width":"70","height":"70"},"align":"left","image_border_radius":{"unit":"px","top":"70","right":"70","bottom":"70","left":"70","isLinked":"1"},"image_box_shadow_box_shadow_type":"yes","_element_width":"auto","_position":"absolute","_offset_x":{"size":"507","unit":"px"},"_offset_y":{"size":"-43","unit":"px"},"image_box_shadow_box_shadow":{"horizontal":"0","vertical":"0","blur":"20","spread":"0","color":"rgba(0,0,0,0.3)"},"motion_fx_motion_fx_mouse":"yes","motion_fx_mouseTrack_effect":"yes","motion_fx_mouseTrack_speed":{"unit":"px","size":"0.2","sizes":[]},"_animation":"rotateInDownLeft","_animation_delay":"600","_offset_x_mobile":{"size":"-28","unit":"px"},"_offset_y_mobile":{"size":"-37","unit":"px"},"_element_width_mobile":"initial","_element_custom_width_mobile":{"unit":"px","size":"54","sizes":[]},"_offset_x_tablet":{"size":"461","unit":"px"},"_offset_y_tablet":{"size":"-52","unit":"px"}},"elements":[],"isInner":false,"widgetType":"image","elType":"widget"},{"id":"9bf8b9","settings":{"_title":"Form Inner Section"},"elements":[{"id":"6363b71d","settings":{"_column_size":"100","background_background":"classic","background_color":"#ffffff","background_overlay_background":"classic","background_overlay_image":{"id":"226","url":"https:\/\/library.elementor.com\/wp-content\/uploads\/2019\/07\/bubble_bg_popup.png"},"background_overlay_position":"center right","background_overlay_repeat":"no-repeat","background_overlay_size":"contain","box_shadow_box_shadow_type":"yes","box_shadow_box_shadow":{"horizontal":"0","vertical":"0","blur":"15","spread":"0","color":"rgba(0,0,0,0.15)"},"padding":{"unit":"%","top":"7","right":"24","bottom":"7","left":"8","isLinked":""},"padding_tablet":{"unit":"%","top":"6","right":"21","bottom":"6","left":"10","isLinked":""},"padding_mobile":{"unit":"%","top":"15","right":"10","bottom":"15","left":"10","isLinked":""},"border_radius":{"unit":"px","top":"20","right":"20","bottom":"20","left":"20","isLinked":"1"},"background_overlay_position_mobile":"initial","background_overlay_xpos_mobile":{"unit":"px","size":"350","sizes":[]}},"elements":[{"id":"76f6670e","settings":{"title":"Let's have a chat\n","title_color":"#00dafc","typography_typography":"custom","typography_font_family":"Montserrat","typography_font_size":{"unit":"px","size":"18","sizes":[]},"typography_font_weight":"300","align_mobile":"center","typography_font_size_mobile":{"unit":"px","size":"16","sizes":[]},"typography_text_transform":"capitalize","align":"left","align_tablet":"left","header_size":"h3"},"elements":[],"isInner":false,"widgetType":"heading","elType":"widget"},{"id":"6fa59ea6","settings":{"title":"Learn how we helped 100 top brands gain success.","title_color":"#3d4459","typography_typography":"custom","typography_font_family":"Varela Round","typography_font_size":{"unit":"px","size":"35","sizes":[]},"typography_font_weight":"300","typography_line_height":{"unit":"em","size":"1.2","sizes":[]},"align_mobile":"center","typography_font_size_tablet":{"unit":"px","size":"32","sizes":[]},"typography_font_size_mobile":{"unit":"px","size":22,"sizes":[]},"typography_text_transform":"capitalize","align":"left","_margin":{"unit":"%","top":"-3","right":"0","bottom":"0","left":"0","isLinked":""},"align_tablet":"left"},"elements":[],"isInner":false,"widgetType":"heading","elType":"widget"},{"id":"457a5932","settings":{"form_name":"New Form","form_fields":[{"custom_id":"name","field_type":"text","field_label":"Full Name","placeholder":"Full Name","width":"100","_id":"e311629","required":"","field_options":"","allow_multiple":"","select_size":"","inline_list":"","field_html":"","width_tablet":"","width_mobile":"","rows":"4","recaptcha_size":"normal","recaptcha_style":"light","css_classes":"","field_value":"","recaptcha_badge":"bottomright","file_sizes":"","file_types":"","allow_multiple_upload":"","max_files":"","acceptance_text":"","checked_by_default":"","field_min":"","field_max":"","min_date":"","max_date":"","use_native_date":"","use_native_time":""},{"custom_id":"email","field_type":"tel","required":"true","field_label":"Phone","placeholder":"Phone","width":"100","_id":"c31b5b4","field_options":"","allow_multiple":"","select_size":"","inline_list":"","field_html":"","width_tablet":"","width_mobile":"","rows":"4","recaptcha_size":"normal","recaptcha_style":"light","css_classes":"","field_value":"","recaptcha_badge":"bottomright","file_sizes":"","file_types":"","allow_multiple_upload":"","max_files":"","acceptance_text":"","checked_by_default":"","field_min":"","field_max":"","min_date":"","max_date":"","use_native_date":"","use_native_time":""},{"custom_id":"field_1","field_type":"email","required":"true","field_label":"Email","placeholder":"Email","width":"100","_id":"9b7be7d","field_options":"","allow_multiple":"","select_size":"","inline_list":"","field_html":"","width_tablet":"","width_mobile":"","rows":"4","recaptcha_size":"normal","recaptcha_style":"light","css_classes":"","field_value":"","recaptcha_badge":"bottomright","file_sizes":"","file_types":"","allow_multiple_upload":"","max_files":"","acceptance_text":"","checked_by_default":"","field_min":"","field_max":"","min_date":"","max_date":"","use_native_date":"","use_native_time":""}],"input_size":"md","show_labels":"","button_text":"Send","button_size":"md","button_align":"end","button_icon":"fa fa-arrow-right","button_icon_align":"right","button_icon_indent":{"unit":"px","size":"10","sizes":[]},"email_content":"[all-fields]","email_content_2":"[all-fields]","success_message":"The form was sent successfully.","error_message":"An error occured.","required_field_message":"This field is required.","invalid_message":"There's something wrong. The form is invalid.","row_gap":{"unit":"px","size":"15","sizes":[]},"field_text_color":"#3d4459","field_typography_typography":"custom","field_typography_font_family":"Montserrat","field_typography_font_size":{"unit":"px","size":"15","sizes":[]},"field_background_color":"#fafafa","field_border_width":{"unit":"px","top":"0","right":"0","bottom":"0","left":"0","isLinked":"1"},"field_border_radius":{"unit":"px","top":"5","right":"5","bottom":"5","left":"5","isLinked":"1"},"button_background_color":"#00dafc","button_typography_typography":"custom","button_typography_font_family":"Varela Round","button_typography_font_size":{"unit":"px","size":"16","sizes":[]},"button_border_radius":{"unit":"px","top":"30","right":"30","bottom":"30","left":"30","isLinked":"1"},"button_background_hover_color":"#4632da","selected_button_icon":{"value":"fas fa-arrow-right","library":"fa-solid"},"__fa4_migrated":{"selected_button_icon":"1"}},"elements":[],"isInner":false,"widgetType":"form","elType":"widget"}],"isInner":"1","elType":"column"}],"isInner":"1","elType":"section"}],"isInner":"","elType":"column"}],"isInner":"","elType":"section"}],"page_settings":{"width":{"unit":"px","size":"801","sizes":[]},"height_type":"custom","height":{"unit":"px","size":"700","sizes":[]},"entrance_animation":"zoomIn","exit_animation":"rotateInUpLeft","entrance_animation_duration":{"unit":"px","size":"1","sizes":[]},"background_background":"classic","background_color":"rgba(0,0,0,0)","box_shadow_box_shadow_type":"","overlay_background_color":"rgba(255,255,255,0.9)","overlay_background_color_b":"#2bf4ff","close_button_vertical":{"unit":"%","size":"20","sizes":[]},"close_button_vertical_tablet":{"unit":"%","size":"21.5","sizes":[]},"close_button_horizontal":{"unit":"%","size":"16","sizes":[]},"close_button_horizontal_tablet":{"unit":"%","size":"14.5","sizes":[]},"close_button_color":"#a3a3a3","close_button_hover_color":"#2fe2df"}}